gene_name,module_1,module_2,module_3,module_4
ACP1,False,False,True,False
ACTA1,False,False,False,True
ACTB,False,False,True,False
ACTC1,False,False,False,True
ACTN2,False,False,False,True
ACTN3,False,False,False,True
ACVR1B,True,False,False,False
ACVR2B,True,False,False,False
ADIPOQ,False,False,True,False
AFDN,True,False,False,False
AGRN,False,False,False,True
AKAP4,False,True,False,False
AKT1,False,False,True,False
ALB,False,False,True,False
ANKRD1,False,False,False,True
ANKRD2,False,False,False,True
ANXA11,False,False,True,False
AR,False,True,False,False
ASCL3,False,False,False,True
ASH2L,False,True,False,False
ATF3,False,True,False,False
ATP2A1,False,False,False,True
BANF1,False,True,False,False
BCL2,False,True,False,False
BGLAP,True,False,False,False
BHLHA15,False,False,False,True
BHLHE40,False,True,False,False
BHLHE41,False,True,False,False
BMAL1,False,False,True,False
BMP2,True,False,False,False
BMP4,True,False,False,False
BMP7,True,False,False,False
BRD2,False,True,False,False
BRD3,False,True,False,False
BRD4,False,True,False,False
BTG2,False,True,False,False
CACNA1S,False,False,False,True
CACNG1,False,False,False,True
CALCR,False,False,True,False
CALD1,False,False,True,False
CALM3,False,False,False,True
CAPN3,False,False,False,True
CARM1,False,True,False,False
CASP3,False,False,True,False
CASQ1,False,False,False,True
CAV1,False,False,True,False
CAV3,False,False,False,True
CBFB,False,True,False,False
CBX1,False,True,False,False
CCNA1,False,True,False,False
CCNA2,False,True,False,False
CCNB1,False,True,False,False
CCND1,False,True,False,False
CCNE1,False,True,False,False
CCNL2,False,True,False,False
CCNT1,False,True,False,False
CD34,True,False,False,False
CD68,False,False,True,False
CD99,False,False,True,False
CD99L2,True,False,False,False
CDH1,True,False,False,False
CDH15,False,False,False,True
CDH17,True,False,False,False
CDH2,True,False,False,False
CDK1,False,True,False,False
CDK2,False,True,False,False
CDK4,False,True,False,False
CDK9,False,True,False,False
CDKN1A,False,True,False,False
CDKN1C,False,True,False,False
CDKN2A,False,True,False,False
CDKN3,False,True,False,False
CDON,False,False,False,True
CEBPA,False,True,False,False
CEBPB,False,True,False,False
CENPA,False,True,False,False
CHRD,True,False,False,False
CHRNA1,False,False,False,True
CHRND,False,False,False,True
CHRNG,False,False,False,True
CIDEA,False,False,True,False
CKM,False,False,False,True
CKMT2,False,False,False,True
COL1A1,True,False,False,False
COX6A2,False,False,False,True
CPEB1,False,True,False,False
CREB1,False,True,False,False
CREBBP,False,True,False,False
CSRP3,False,False,False,True
CTCF,False,True,False,False
CTNNB1,True,False,False,False
CXCR4,True,False,False,False
DACH1,True,False,False,False
DAG1,False,False,False,True
DCN,True,False,False,False
DDX17,False,True,False,False
DDX5,False,True,False,False
DES,False,False,False,True
DHX35,False,True,False,False
DICER1,False,True,False,False
DLK1,True,False,False,False
DLL1,True,False,False,False
DLX3,True,False,False,False
DMD,False,False,False,True
DMPK,False,False,False,True
DNMT1,False,True,False,False
DNMT3A,False,True,False,False
DNMT3B,False,True,False,False
DUX4,False,True,False,False
DYSF,False,False,False,True
E2F1,False,True,False,False
EBF2,False,False,True,False
EGF,True,False,False,False
EGR2,False,True,False,False
EHMT2,False,True,False,False
EID1,False,True,False,False
EID2,False,True,False,False
EIF3F,False,True,False,False
ELAVL1,False,True,False,False
ELSPBP1,False,True,False,False
EMD,False,False,False,True
ENO2,False,False,True,False
ENO3,False,False,False,True
ENSG00000255071,False,False,True,False
EP300,False,True,False,False
EPHA7,True,False,False,False
ESR1,False,True,False,False
ESR2,False,False,True,False
EWSR1,False,True,False,False
EXOC3L1,False,False,False,True
EYA1,True,False,False,False
EYA2,True,False,False,False
EYA3,True,False,False,False
EZH2,False,True,False,False
FABP4,False,False,True,False
FBXO32,False,False,True,False
FGF10,True,False,False,False
FGF13,True,False,False,False
FGF16,True,False,False,False
FGF17,True,False,False,False
FGF18,True,False,False,False
FGF2,True,False,False,False
FGF20,True,False,False,False
FGF22,True,False,False,False
FGF23,True,False,False,False
FGF3,True,False,False,False
FGF4,True,False,False,False
FGF5,True,False,False,False
FGF6,True,False,False,False
FGF7,True,False,False,False
FGF8,True,False,False,False
FGF9,True,False,False,False
FGFR4,True,False,False,False
FHL1,False,False,False,True
FIGLA,True,False,False,False
FN1,True,False,False,False
FNDC5,False,False,True,False
FOS,False,True,False,False
FOXA2,True,False,False,False
FOXD3,True,False,False,False
FOXN3,False,True,False,False
FOXO1,False,False,True,False
FOXO3,False,False,True,False
FOXO4,False,False,True,False
FRG1,False,False,False,True
FRG2,False,False,False,True
FST,True,False,False,False
FZR1,False,True,False,False
GAPDH,False,False,True,False
GATA1,False,True,False,False
GATA2,False,True,False,False
GATA4,True,False,False,False
GATA6,True,False,False,False
GDF11,True,False,False,False
GFAP,True,False,False,False
GJA1,True,False,False,False
GLI1,True,False,False,False
GNS,False,False,False,True
GRIA2,False,False,True,False
GSK3B,False,False,True,False
GTF2B,False,True,False,False
H1-5,False,True,False,False
H3-3B,False,True,False,False
H3-4,False,True,False,False
H3-5,False,True,False,False
H3-7,False,True,False,False
H3C12,False,True,False,False
H3C13,False,True,False,False
HAND2,True,False,False,False
HDAC1,False,True,False,False
HDAC2,False,True,False,False
HDAC4,False,True,False,False
HDAC5,False,True,False,False
HDAC9,False,True,False,False
HES6,True,False,False,False
HEY1,True,False,False,False
HEYL,True,False,False,False
HGF,True,False,False,False
HIF1A,False,False,True,False
HNF4A,True,False,False,False
HOXA11,True,False,False,False
HOXB6,True,False,False,False
HPRT1,False,False,True,False
HSP90AA1,False,True,False,False
HUWE1,False,True,False,False
ID1,True,False,False,False
ID2,True,False,False,False
ID3,False,True,False,False
ID4,True,False,False,False
IFRD1,False,True,False,False
IGF1,False,False,True,False
IGF1R,False,False,True,False
IGF2,True,False,False,False
IGF2R,False,False,True,False
IGFBP2,False,False,True,False
IGFBP5,False,False,True,False
IGFN1,False,False,False,True
IL1B,False,False,True,False
IL2,False,False,True,False
IL6,False,False,True,False
INS,False,False,True,False
IRS1,False,False,True,False
ISL1,True,False,False,False
ITGA7,False,False,False,True
ITGB1,True,False,False,False
JUN,False,True,False,False
KAT2A,False,True,False,False
KAT2B,False,True,False,False
KAT5,False,True,False,False
KCNC1,False,False,True,False
KDM1A,False,True,False,False
KDM4A,False,True,False,False
KDM6A,False,True,False,False
KDR,True,False,False,False
KIT,True,False,False,False
KLF4,True,False,False,False
KLHL31,False,False,False,True
KLHL40,False,False,False,True
KRT7,True,False,False,False
LAMA2,False,False,False,True
LBX1,True,False,False,False
LDHA,False,False,True,False
LDHC,False,False,True,False
LEP,False,False,True,False
LGALS4,False,True,False,False
LMNA,False,False,False,True
LMO4,False,False,False,True
LMO7,False,True,False,False
LMOD2,False,False,False,True
MAFB,False,True,False,False
MAML1,False,True,False,False
MAMSTR,False,False,False,True
MAP2K1,False,False,True,False
MAPK11,False,False,True,False
MAPK12,False,False,True,False
MAPK14,False,False,True,False
MAPK3,False,False,True,False
MAPK8,False,False,True,False
MB,False,False,False,True
MBNL1,False,False,False,True
MDFI,False,False,False,True
MDFIC,False,True,False,False
MDM2,False,True,False,False
MEF2A,False,False,False,True
MEF2B,False,False,False,True
MEF2C,False,False,False,True
MEF2D,False,True,False,False
MEIS2,True,False,False,False
MEIS3,False,False,False,True
MEOX1,True,False,False,False
MEOX2,False,False,False,True
MESP2,True,False,False,False
MET,True,False,False,False
MICU1,False,False,False,True
MLXIPL,False,False,True,False
MOS,False,False,False,True
MRLN,False,False,False,True
MSC,False,False,False,True
MSGN1,True,False,False,False
MSI1,True,False,False,False
MSTN,False,False,False,True
MSX1,True,False,False,False
MTOR,False,False,True,False
MUSK,False,False,False,True
MUTYH,False,False,False,True
MYB,False,True,False,False
MYBPC2,False,False,False,True
MYC,False,True,False,False
MYCN,False,True,False,False
MYF5,False,False,False,True
MYF6,False,False,False,True
MYH1,False,False,False,True
MYH13,False,False,False,True
MYH2,False,False,False,True
MYH3,False,False,False,True
MYH4,False,False,False,True
MYH6,False,False,False,True
MYH7,False,False,False,True
MYH7B,False,False,False,True
MYH8,False,False,False,True
MYL1,False,False,False,True
MYL11,False,False,False,True
MYL12B,False,False,False,True
MYL2,False,False,False,True
MYL3,False,False,False,True
MYL9,False,False,False,True
MYLK2,False,False,False,True
MYMK,False,False,False,True
MYMX,False,False,False,True
MYOCD,False,False,False,True
MYOD1,False,False,False,True
MYOG,False,False,False,True
MYOZ1,False,False,False,True
MYOZ2,False,False,False,True
MYPN,False,False,False,True
MYT1L,True,False,False,False
MZF1,False,True,False,False
NANOG,True,False,False,False
NCAM1,True,False,False,False
NCL,False,True,False,False
NCOA1,False,True,False,False
NCOA2,False,True,False,False
NCOR1,False,True,False,False
NCOR2,False,True,False,False
NEB,False,False,False,True
NELFA,False,False,False,True
NES,True,False,False,False
NEUROD1,True,False,False,False
NEUROD2,True,False,False,False
NEUROG1,True,False,False,False
NEUROG2,True,False,False,False
NEUROG3,True,False,False,False
NF1,False,True,False,False
NFAT5,False,False,True,False
NFIX,False,True,False,False
NFKB1,False,True,False,False
NKX2-5,True,False,False,False
NOG,True,False,False,False
NOTCH1,True,False,False,False
NOTCH3,True,False,False,False
NR2F2,True,False,False,False
NR4A2,False,True,False,False
NUMB,True,False,False,False
NUMBL,True,False,False,False
NUPR1,False,False,True,False
OTX2,True,False,False,False
PABPN1,False,True,False,False
PAX1,True,False,False,False
PAX2,True,False,False,False
PAX3,True,False,False,False
PAX4,True,False,False,False
PAX6,True,False,False,False
PAX7,True,False,False,False
PAX8,True,False,False,False
PBX1,False,True,False,False
PBX3,False,False,False,True
PDGFRA,True,False,False,False
PDK4,False,False,True,False
PECAM1,True,False,False,False
PEG3,True,False,False,False
PHB1,False,True,False,False
PHB2,False,True,False,False
PITX1,True,False,False,False
PITX2,True,False,False,False
PITX3,True,False,False,False
PKNOX1,False,True,False,False
PLIN1,False,False,True,False
POU3F2,True,False,False,False
POU5F1,True,False,False,False
PPARA,False,False,True,False
PPARD,False,False,True,False
PPARG,False,False,True,False
PPARGC1A,False,False,True,False
PPARGC1B,False,False,True,False
PRDM16,False,False,True,False
PRMT5,False,True,False,False
PSMD4,False,True,False,False
PTEN,False,True,False,False
PTPN1,False,False,True,False
PTPRC,True,False,False,False
PXDN,False,False,True,False
PXDNL,False,False,True,False
RAPSN,False,False,False,True
RB1,False,True,False,False
RBBP6,False,True,False,False
RBL2,False,True,False,False
RBPJ,False,True,False,False
RHD,False,False,True,False
RIPOR2,False,False,False,True
RORA,False,False,True,False
RPL30,False,True,False,False
RPS6KB1,False,False,True,False
RUNX1,False,True,False,False
RUNX2,True,False,False,False
RXRA,False,True,False,False
RYR1,False,False,False,True
SAA1,False,False,True,False
SAA4,False,False,True,False
SCX,True,False,False,False
SDC3,True,False,False,False
SDC4,True,False,False,False
SDHC,False,True,False,False
SETD3,False,True,False,False
SETD7,False,True,False,False
SGCA,False,False,False,True
SGCD,False,False,False,True
SGCG,False,False,False,True
SHH,True,False,False,False
SIRT1,False,True,False,False
SIRT2,False,True,False,False
SIX1,True,False,False,False
SIX2,True,False,False,False
SIX4,True,False,False,False
SIX5,False,False,False,True
SKP1,False,True,False,False
SLC2A4,False,False,True,False
SLC8A3,False,False,False,True
SLN,False,False,False,True
SMAD2,True,False,False,False
SMAD3,True,False,False,False
SMAD4,True,False,False,False
SMAD5,True,False,False,False
SMAD7,True,False,False,False
SMARCA4,False,True,False,False
SMARCB1,False,True,False,False
SMARCD1,False,True,False,False
SMARCD2,False,True,False,False
SMARCD3,False,True,False,False
SMYD1,False,False,False,True
SNAI1,True,False,False,False
SNAI2,True,False,False,False
SNW1,False,True,False,False
SON,False,True,False,False
SOX10,True,False,False,False
SOX17,True,False,False,False
SOX2,True,False,False,False
SOX5,True,False,False,False
SOX6,True,False,False,False
SOX8,True,False,False,False
SOX9,True,False,False,False
SP1,False,True,False,False
SP7,True,False,False,False
SPI1,False,True,False,False
SRA1,False,True,False,False
SRF,False,False,False,True
SRSF10,False,True,False,False
SRSF3,False,True,False,False
SRY,True,False,False,False
STAC3,False,False,False,True
STAT1,False,True,False,False
STAT3,False,True,False,False
SUV39H1,False,True,False,False
SVIL,False,False,False,True
SYP,False,False,True,False
TAF1,False,True,False,False
TAF3,False,True,False,False
TAL1,False,True,False,False
TBP,False,True,False,False
TBPL1,False,True,False,False
TBPL2,False,True,False,False
TBX1,True,False,False,False
TBX5,True,False,False,False
TBX6,True,False,False,False
TCAP,False,False,False,True
TCF12,False,True,False,False
TCF15,True,False,False,False
TCF21,True,False,False,False
TCF3,False,True,False,False
TCF4,True,False,False,False
TEAD1,False,False,False,True
TEAD4,True,False,False,False
TEF,False,False,False,True
TFAM,False,False,True,False
TFE3,False,False,True,False
TGFB1,True,False,False,False
TGFBR1,True,False,False,False
THY1,True,False,False,False
TLE1,False,True,False,False
TMEM108,True,False,False,False
TNF,False,False,True,False
TNNC2,False,False,False,True
TNNI1,False,False,False,True
TNNI2,False,False,False,True
TNNT1,False,False,False,True
TNNT2,False,False,False,True
TNNT3,False,False,False,True
TP53,False,True,False,False
TRIM27,False,True,False,False
TRIM54,False,False,False,True
TRIM63,False,False,False,True
TRIM72,False,False,False,True
TSC22D3,False,True,False,False
TTN,False,False,False,True
TWIST1,True,False,False,False
UCP1,False,False,True,False
UCP2,False,False,True,False
UCP3,False,False,True,False
UNC45B,False,False,False,True
USF1,False,True,False,False
UTRN,False,False,False,True
VCL,False,False,False,True
VGLL1,False,False,False,True
VGLL2,False,False,False,True
WNT1,True,False,False,False
WNT11,True,False,False,False
WNT3A,True,False,False,False
WNT5A,True,False,False,False
WNT7A,True,False,False,False
WT1,True,False,False,False
YIPF1,False,False,True,False
YWHAE,False,False,True,False
YY1,False,True,False,False
ZBTB18,False,True,False,False
ZIC1,True,False,False,False
