gene,G0_G1_transition,G1S_transition,DNA_replication_S_phase,G2M_transition,metaphase_anaphase_transition,checkpoint_spindle_assembly_checkpoint,all_checkpoint,general_cell_cycle_regulation,general_mitotic_cell_cycle_regulation,general_phase_transition
ACTL6A,False,False,False,False,False,False,False,True,False,False
ACTL6B,True,True,False,False,True,False,False,True,False,True
ACTR5,False,False,False,False,False,False,False,True,False,False
ACTR8,False,False,False,False,False,False,False,True,False,False
ACVR1,False,True,False,False,False,False,False,False,False,False
ACVR1B,False,False,False,False,False,False,False,False,False,True
ADAM17,False,True,False,False,False,False,False,False,False,False
ADAMTS1,False,True,False,False,False,False,False,False,False,True
ADARB1,False,False,False,False,False,False,False,True,False,False
AFAP1L2,False,False,False,False,False,False,False,True,False,False
AHCTF1,False,False,False,False,False,False,False,True,False,False
AICDA,False,False,False,False,False,False,False,True,False,False
AIF1,False,True,False,False,False,False,False,False,False,True
AKAP8,False,False,False,True,False,False,False,False,False,False
AKAP8L,False,False,False,True,False,False,False,False,False,False
AKT1,False,True,False,False,False,False,False,False,False,True
AKT2,False,False,False,False,False,False,False,True,False,False
ALOX15B,False,False,False,False,False,False,False,True,False,False
AMBRA1,False,True,False,False,False,False,False,False,False,True
ANAPC1,False,False,False,False,False,False,False,True,True,True
ANAPC10,False,False,False,False,False,False,False,True,True,False
ANAPC11,False,False,False,False,False,False,False,True,True,True
ANAPC13,False,False,False,False,False,False,False,True,True,False
ANAPC15,False,False,False,False,False,False,False,True,True,False
ANAPC16,False,False,False,False,False,False,False,True,True,False
ANAPC2,False,False,False,False,True,False,False,True,True,True
ANAPC4,False,False,False,False,False,False,False,True,True,False
ANAPC5,False,False,False,False,True,False,False,True,True,True
ANAPC7,False,False,False,False,True,False,False,True,True,True
ANGEL2,False,False,False,False,False,False,False,True,True,False
ANKK1,False,False,False,False,False,False,False,True,False,False
ANKRD17,False,True,False,False,False,False,False,True,False,True
ANLN,False,False,False,False,False,False,False,False,False,True
APBB1,False,True,False,False,False,False,False,False,False,False
APBB2,False,False,False,False,False,False,False,False,False,True
APP,False,False,False,False,False,False,False,True,True,False
APPL1,False,True,False,False,False,False,False,False,False,True
APPL2,False,True,False,False,False,False,False,False,False,True
ARID1A,True,True,False,False,True,False,False,True,False,True
ARID1B,True,True,False,False,True,False,False,True,False,True
ARID2,True,True,False,False,True,False,False,True,False,True
ARPP19,False,False,False,True,False,False,False,False,False,True
ARTN,False,False,False,True,False,True,True,True,False,False
ASAH2,False,False,False,False,False,False,False,True,True,False
ASNS,False,False,False,False,False,False,False,True,True,False
ATF5,False,False,False,True,False,False,False,True,False,True
ATM,False,False,False,True,False,False,True,True,False,False
ATP2B4,False,True,False,False,False,False,False,False,False,True
ATRX,False,False,True,False,False,False,False,True,False,False
ATXN10,False,False,False,False,False,False,False,True,False,False
AURKA,False,False,False,True,False,False,False,True,True,True
AURKAIP1,False,False,False,False,False,False,False,True,True,False
AURKB,False,False,False,True,False,True,True,True,False,False
AURKC,False,False,False,False,False,False,False,True,False,False
AVEN,False,False,False,True,False,False,False,False,False,True
BABAM1,False,False,False,True,False,True,True,False,False,False
BABAM2,False,False,False,True,False,True,True,False,False,False
BARD1,False,False,False,True,False,True,True,True,False,False
BAZ1B,False,False,False,False,False,False,False,True,False,False
BBS4,False,False,False,False,False,False,False,True,False,False
BCAT1,False,True,False,False,False,False,False,False,False,True
BCL2L1,False,False,False,False,False,False,False,True,False,False
BCL6,False,False,False,False,False,False,False,False,True,False
BCL7A,True,True,False,False,True,False,False,True,False,True
BCL7B,True,True,False,False,True,False,False,True,False,True
BCL7C,True,True,False,False,True,False,False,True,False,True
BECN1,False,False,False,False,False,False,False,True,False,False
BEX2,False,False,False,False,False,False,False,True,False,False
BIN1,False,False,False,False,False,False,False,True,False,False
BIRC2,False,False,False,False,False,False,False,True,False,False
BIRC3,False,False,False,False,False,False,False,True,False,False
BIRC5,False,False,False,True,False,True,True,True,True,True
BIRC6,False,False,False,False,False,False,False,True,False,False
BIRC7,False,False,False,False,False,False,False,True,False,False
BLM,False,False,False,True,False,False,True,False,False,False
BMAL1,False,False,False,False,False,False,False,True,False,False
BMP2,False,False,False,False,False,False,False,True,False,False
BMP4,False,False,False,False,False,False,False,True,True,False
BMP7,False,False,False,False,False,False,False,True,True,False
BOP1,False,False,False,False,False,False,False,True,False,False
BORA,False,False,False,False,False,False,False,True,True,False
BRCA1,False,False,False,True,False,True,True,True,False,False
BRCA2,False,False,False,False,False,True,True,False,False,False
BRCC3,False,False,False,True,False,True,True,False,False,False
BRD4,False,False,False,True,False,False,False,False,False,True
BRD7,True,True,False,False,True,False,False,True,True,True
BRD8,False,False,False,False,False,False,False,True,False,False
BRINP1,False,False,False,False,False,False,False,True,True,False
BRINP2,False,False,False,False,False,False,False,True,True,False
BRINP3,False,False,False,False,False,False,False,True,True,False
BRSK1,False,False,False,True,False,False,True,False,False,True
BRSK2,False,False,False,True,False,False,False,False,False,True
BTC,False,False,False,False,False,False,False,True,False,False
BTG3,False,False,False,False,False,False,False,True,True,False
BTG4,False,False,False,False,False,False,False,True,False,False
BUB1,False,False,False,False,False,False,False,True,False,False
C6ORF89,False,False,False,False,False,False,False,True,False,False
CACUL1,False,True,False,False,False,False,False,False,False,True
CALM1,False,False,False,False,False,False,False,True,False,False
CALM2,False,False,False,False,False,False,False,True,False,False
CALM3,False,False,False,False,False,False,False,True,False,False
CALR,False,False,False,False,False,False,False,True,False,False
CAMK2A,False,True,False,False,False,False,False,False,False,True
CAV2,False,False,False,False,False,False,False,True,True,False
CCDC57,False,False,False,True,False,False,False,True,True,True
CCDC66,False,False,False,False,False,False,False,True,False,False
CCDC8,False,False,False,False,False,False,False,True,True,False
CCL2,False,True,False,False,False,False,False,False,False,True
CCNA1,False,True,False,False,False,False,False,False,False,True
CCNA2,False,True,False,True,False,False,False,False,False,True
CCNB1,False,True,False,True,False,True,True,True,True,True
CCNB2,False,True,False,False,False,False,False,False,False,True
CCNB3,False,True,False,False,False,False,False,False,False,True
CCND1,False,True,False,True,False,False,False,False,False,True
CCND2,False,True,False,False,False,False,False,False,False,True
CCND3,False,True,False,False,False,False,False,False,False,True
CCNE1,False,True,False,False,False,False,False,False,False,True
CCNE2,False,True,False,False,False,False,False,False,False,True
CCNF,False,True,False,False,False,False,False,True,False,True
CCNG1,False,True,False,False,False,False,False,False,False,True
CCNG2,False,True,False,False,False,False,False,False,False,True
CCNH,False,True,False,False,False,False,False,False,False,True
CCNI,False,True,False,False,False,False,False,False,False,True
CCNI2,False,True,False,False,False,False,False,False,False,True
CCNJ,False,True,False,False,False,False,False,False,False,True
CCNJL,False,True,False,False,False,False,False,False,False,True
CCNL1,False,False,False,False,False,False,False,True,False,False
CCNL2,False,False,False,False,False,False,False,True,False,False
CCNO,False,True,False,False,False,False,False,False,False,True
CCNP,False,True,False,False,False,False,False,False,False,True
CCNQ,False,False,False,True,False,False,False,False,False,True
CCNY,False,False,False,True,False,False,False,True,False,True
CCP110,False,False,False,False,False,False,False,True,False,False
CCPG1,False,False,False,False,False,False,False,True,False,False
CD28,False,False,False,False,False,False,False,True,False,False
CDC14A,False,False,False,False,False,False,False,True,False,True
CDC14C,False,False,False,False,False,False,False,True,False,True
CDC16,False,False,False,False,True,False,False,True,True,True
CDC20,False,False,False,False,True,False,False,True,True,True
CDC23,False,False,False,False,True,False,False,True,True,True
CDC25A,False,True,False,True,False,False,False,False,False,True
CDC25B,False,False,False,True,False,False,False,True,True,True
CDC25C,False,False,False,True,False,False,False,True,True,True
CDC26,False,False,False,False,False,False,False,True,True,False
CDC27,False,False,False,False,True,False,False,True,True,True
CDC34,False,True,False,False,False,False,False,False,False,True
CDC42,False,False,False,False,False,False,False,True,False,False
CDC6,False,True,False,True,True,False,True,True,False,True
CDC7,False,True,True,True,False,False,False,True,False,True
CDC73,False,True,False,False,False,False,False,False,False,True
CDCA2,False,False,False,False,False,False,False,True,True,False
CDCA5,False,False,False,False,False,False,False,False,False,True
CDCA8,False,False,False,False,False,True,True,True,False,False
CDK1,False,True,False,True,False,False,True,False,False,True
CDK10,False,True,False,True,False,False,False,True,False,True
CDK11A,False,False,False,False,False,False,False,True,False,False
CDK11B,False,False,False,False,False,False,False,True,False,False
CDK14,False,False,False,True,False,False,False,True,False,True
CDK15,False,False,False,False,False,False,False,True,False,True
CDK16,False,False,False,False,False,False,False,True,False,True
CDK17,False,False,False,False,False,False,False,True,False,True
CDK18,False,False,False,False,False,False,False,True,False,True
CDK2,False,True,False,True,False,False,True,True,True,True
CDK2AP2,False,True,False,False,False,False,False,False,False,True
CDK3,False,True,False,True,False,False,False,False,False,True
CDK4,False,True,False,True,False,False,False,True,False,True
CDK5,False,False,False,False,False,False,False,True,False,True
CDK5RAP1,False,False,False,False,False,False,False,True,False,False
CDK5RAP2,False,False,False,False,False,True,True,False,False,False
CDK5RAP3,False,False,False,True,False,True,True,True,True,False
CDK6,False,True,False,True,False,False,False,True,False,True
CDK7,False,True,False,False,False,False,False,True,False,True
CDK9,False,False,False,False,False,False,False,True,True,False
CDKN1B,False,True,False,False,False,False,False,True,True,True
CDKN1C,False,False,False,False,False,False,False,True,True,False
CDKN2A,False,True,False,False,False,False,False,True,False,True
CDKN2B,True,True,False,False,False,False,False,True,False,True
CDKN2C,False,True,False,False,False,False,False,False,False,True
CDKN2D,False,True,False,False,False,False,False,False,False,True
CDKN3,False,True,False,False,False,False,False,True,False,True
CDPF1,False,True,False,True,False,False,True,True,False,True
CDT1,False,False,False,False,False,False,False,True,False,False
CEBPA,False,False,False,False,False,False,False,True,False,False
CENPE,False,False,False,False,True,False,False,False,False,True
CENPF,False,False,False,True,False,False,False,False,False,True
CENPV,False,False,False,False,False,False,False,True,False,False
CEP120,False,False,False,False,False,False,False,True,False,False
CEP250,False,False,False,False,False,False,False,True,False,False
CEP295,False,False,False,False,False,False,False,True,False,False
CEP85,False,False,False,False,False,False,False,True,False,False
CETN2,False,False,False,False,False,False,False,True,False,False
CFH,False,True,False,True,False,False,False,False,False,True
CHEK1,True,False,False,True,False,True,True,True,True,False
CHEK2,False,False,False,True,False,False,False,False,False,True
CHFR,False,False,False,True,False,True,True,False,False,False
CHMP2A,False,False,False,False,False,False,False,True,False,True
CHMP4B,False,False,False,False,False,False,False,False,False,True
CHMP4C,False,False,False,True,False,True,True,True,False,False
CHMP7,False,False,False,False,False,False,False,False,False,True
CITED2,False,False,False,False,False,False,False,True,False,False
CKS1B,False,False,False,False,False,False,False,True,True,False
CKS2,False,False,False,False,False,False,False,True,True,False
CLASP1,False,False,False,False,False,False,False,False,False,True
CLASP2,False,False,False,False,False,False,False,False,False,True
CLSPN,False,False,False,True,False,False,True,False,False,False
CNTD1,False,False,False,False,False,False,False,True,False,False
COPS5,False,False,False,False,False,False,False,True,False,False
CPAP,False,True,False,False,False,False,False,True,False,True
CPSF3,False,True,False,False,False,False,False,False,False,True
CREB3L4,False,False,False,False,False,False,False,True,False,False
CRLF3,False,True,False,False,False,False,False,False,False,True
CRNN,False,True,False,False,False,False,False,False,False,True
CRY1,False,False,False,False,False,True,True,False,False,False
CSNK2A2,False,False,False,False,False,False,False,True,False,False
CSNK2A3,False,False,False,False,False,False,False,True,False,False
CSPP1,False,False,False,False,False,False,False,True,False,False
CTBP1,False,False,False,False,False,False,False,True,False,False
CTDP1,False,False,False,False,False,False,False,False,False,True
CTNNB1,False,False,False,False,False,False,False,True,True,False
CUL1,False,True,False,False,False,False,False,False,False,True
CUL2,False,True,False,False,False,False,False,False,False,True
CUL3,False,True,False,False,True,False,False,True,True,True
CUL4A,False,True,False,False,False,False,False,False,False,True
CUL4B,False,True,False,False,False,False,False,False,False,True
CUL5,False,True,False,False,False,False,False,False,False,True
CUL7,False,False,False,False,False,False,False,True,True,False
CUL9,False,False,False,False,False,False,False,True,True,False
CXCR5,False,False,False,False,False,False,False,True,False,False
CYLD,False,False,False,False,False,False,False,True,True,False
DAB2IP,True,False,False,False,False,False,False,True,False,False
DACT1,False,True,False,False,False,False,False,False,False,True
DAPK3,False,False,False,False,False,False,False,True,True,False
DBF4,False,True,True,False,False,False,False,True,False,True
DBF4B,False,False,True,True,False,False,False,True,False,True
DCUN1D3,False,True,False,False,False,False,False,True,False,True
DDB1,False,False,False,False,False,False,False,False,True,True
DDRGK1,False,True,False,False,False,False,False,False,False,True
DDX11,False,False,False,False,False,False,False,True,False,False
DDX3X,False,True,False,False,False,False,False,False,False,True
DGKZ,False,True,False,False,False,False,True,False,False,False
DHDDS,False,False,False,False,False,False,False,True,False,False
DLG1,False,True,False,False,False,False,False,False,False,True
DLGAP5,False,False,False,False,True,False,False,True,True,True
DMAP1,False,False,False,False,False,False,False,True,False,False
DMRT1,False,False,False,False,False,False,False,True,False,False
DNM2,False,False,False,True,False,False,False,False,False,True
DONSON,False,False,False,True,False,False,True,False,False,False
DPF1,True,True,False,False,True,False,False,True,False,True
DPF2,True,True,False,False,True,False,False,True,False,True
DPF3,True,True,False,False,True,False,False,True,False,True
DR1,False,False,False,False,False,False,False,True,False,False
DRD2,False,False,False,False,False,False,False,True,False,False
DRD3,False,False,False,False,False,False,False,True,False,False
DTL,False,False,False,True,False,False,True,True,False,True
DUSP12,False,False,False,False,False,True,True,True,False,False
DUSP3,False,False,False,False,False,False,False,True,True,False
DUX4,True,False,False,False,False,False,False,True,False,False
DYNC1H1,False,False,False,False,False,False,False,True,False,False
DYNC1LI1,False,False,False,False,False,True,True,True,False,False
DYNLT3,False,False,False,False,False,False,False,True,True,False
DYRK3,False,False,False,True,False,False,False,False,False,True
E2F1,False,True,False,False,False,False,False,False,False,True
E2F3,False,True,False,False,False,False,False,False,False,True
E2F7,False,True,False,False,False,False,False,True,False,True
E2F8,False,False,False,False,False,False,False,True,False,False
E4F1,False,False,False,False,False,False,False,True,False,False
ECT2,False,False,False,False,False,False,False,True,False,False
EDN1,False,False,False,False,False,False,False,True,False,False
EDN3,False,False,False,False,False,False,False,True,False,False
EGF,False,False,False,False,False,False,False,True,False,False
EGFR,False,True,False,False,False,False,False,False,False,True
EIF4E,False,True,False,False,False,False,False,True,True,True
EIF4EBP1,False,True,False,False,False,False,False,True,True,True
EIF4G1,False,True,False,False,False,False,False,False,False,True
EIF4G2,False,False,False,False,False,False,False,True,False,False
ENSA,False,False,False,True,False,False,False,False,False,True
ENTR1,False,False,False,False,False,False,False,True,False,False
EP400,False,False,False,False,False,False,False,True,False,False
EPC1,False,False,False,False,False,False,False,True,False,False
EPC2,False,False,False,False,False,False,False,True,False,False
EPGN,False,False,False,False,False,False,False,True,False,False
EPS8,False,False,False,False,False,False,False,False,False,True
ERCC2,False,False,False,False,False,False,False,False,True,True
ERCC3,False,False,False,False,False,False,False,False,True,True
EREG,False,False,False,False,False,False,False,True,False,False
ESPL1,False,False,False,False,True,False,False,True,False,True
ESX1,False,False,False,False,False,False,False,True,False,False
ETAA1,False,False,False,True,False,True,True,False,False,False
ETS1,False,False,False,False,False,False,False,True,False,False
EVI2B,False,False,False,False,False,False,False,True,False,False
EZH2,False,True,False,False,False,False,False,False,False,True
FAM107A,False,True,False,False,False,False,False,False,False,True
FAM83D,False,True,False,False,False,False,False,False,False,True
FBXL15,False,False,False,True,False,False,False,False,False,True
FBXL7,False,False,False,True,False,False,False,False,False,True
FBXO31,False,True,False,False,False,False,True,False,False,False
FBXO43,False,False,False,False,False,False,False,True,True,False
FBXO5,False,False,False,True,False,False,False,True,True,True
FBXW7,False,True,False,False,False,False,False,False,False,True
FEM1B,False,False,False,False,False,True,True,False,False,False
FEN1,False,False,False,False,False,False,False,True,False,False
FGF10,False,True,False,False,False,False,False,False,False,True
FGFR2,False,False,False,False,False,False,False,True,False,False
FIGNL1,False,False,False,False,False,False,False,True,False,False
FOXA1,False,False,False,False,False,False,False,True,True,False
FOXC1,False,False,False,False,False,False,False,True,True,False
FOXE3,False,False,False,False,False,False,False,True,False,False
FOXM1,False,False,False,True,False,False,False,True,False,True
FOXN3,False,False,False,True,False,False,True,False,False,False
FOXO4,True,False,False,False,False,False,False,True,False,False
FSD1,False,False,False,False,False,False,False,True,False,False
FZD9,False,False,False,False,False,False,False,True,True,False
FZR1,False,False,False,True,False,False,True,True,True,False
GADD45A,False,False,False,False,False,False,False,True,False,False
GADD45B,False,False,False,False,False,False,False,True,False,False
GADD45G,False,False,False,False,False,False,False,True,False,False
GAS1,False,False,False,False,False,False,False,True,True,False
GATA3,False,False,False,False,False,False,False,True,False,False
GATD3,False,False,False,False,False,False,False,False,True,False
GEN1,False,False,False,False,False,True,True,True,False,False
GFI1B,False,True,False,False,False,False,False,False,False,True
GIPC1,False,False,False,False,False,False,False,True,False,False
GIT1,False,False,False,False,False,False,False,True,False,False
GLI1,False,True,False,False,False,False,False,False,False,True
GLMN,False,False,False,False,False,False,False,True,False,False
GMNC,False,False,False,False,False,False,False,True,False,False
GMNN,False,False,False,False,False,False,False,True,True,False
GPER1,False,False,False,False,False,False,False,True,False,False
GPNMB,False,True,False,False,False,False,False,False,False,True
GPR132,False,True,False,True,False,False,False,False,False,True
GPR15LG,False,True,False,False,False,False,False,False,False,True
GPSM2,False,False,False,False,False,False,False,True,False,False
GRK5,False,False,False,False,False,False,False,True,False,False
GSPT1,False,True,False,False,False,False,False,False,False,True
HBP1,False,False,False,False,False,False,False,True,False,False
HCFC1,False,False,False,False,False,False,False,True,False,False
HECA,False,False,False,False,False,False,False,True,True,False
HECW2,False,False,False,False,True,False,False,False,False,True
HEXIM2,False,False,False,False,False,False,False,True,False,False
HHEX,False,False,False,False,False,False,False,True,False,False
HINFP,False,True,False,False,False,False,False,False,False,True
HIPK2,False,False,False,False,False,False,False,True,False,False
HLA-G,True,False,False,False,False,False,False,True,False,False
HMGA2,False,False,False,False,False,False,False,True,False,False
HNRNPU,False,False,False,False,False,False,False,True,True,False
HOXC9,False,False,False,False,False,False,False,True,False,False
HOXD10,False,False,False,False,False,False,False,True,False,False
HPGD,False,False,False,False,False,False,False,True,False,False
HRAS,False,False,False,False,False,False,False,True,False,False
HSF1,False,False,False,False,False,False,False,True,True,False
HSP90AB1,False,False,False,False,False,False,False,True,False,False
HTRA2,False,False,False,False,False,False,False,True,False,False
HUS1,False,False,False,True,False,False,True,False,False,False
HUS1B,False,False,False,True,False,False,True,False,False,False
ID2,False,True,False,False,False,False,False,False,False,True
IFNW1,False,False,False,False,False,False,False,True,False,False
IGF1,False,False,False,False,False,False,False,True,False,False
IGF2,False,False,False,False,False,False,False,True,False,False
IL10,False,False,False,False,False,False,False,True,True,False
IL1A,False,False,False,False,False,False,False,True,False,False
IL1B,False,False,False,False,False,False,False,True,False,False
INCA1,False,False,False,False,False,False,False,True,False,False
INCENP,False,False,False,False,False,True,True,True,False,False
ING3,False,False,False,False,False,False,False,True,False,False
ING4,False,False,False,True,False,False,False,True,False,True
ING5,False,False,False,False,False,False,False,True,False,False
INHA,False,False,False,False,False,False,False,True,False,False
INHBA,False,True,False,False,False,False,False,False,False,True
INIP,False,False,False,True,False,True,True,False,False,False
INO80,False,True,True,False,False,False,False,True,False,True
INO80B,False,False,False,False,False,False,False,True,False,False
INO80C,False,False,False,False,False,False,False,True,False,False
INO80D,False,False,False,False,False,False,False,True,False,False
INO80E,False,False,False,False,False,False,False,True,False,False
INS,False,False,False,False,False,False,False,True,False,False
INSM1,False,False,False,False,False,False,False,True,False,False
INSM2,False,False,False,False,False,False,False,True,False,False
INSR,False,False,False,False,False,False,False,True,False,False
INTS13,False,False,False,False,False,False,False,True,True,False
INTS3,False,False,False,True,False,True,True,False,False,False
IPO5,False,False,False,False,False,False,False,True,False,False
IPO7,False,False,False,False,False,False,False,True,False,False
IQGAP1,False,False,False,False,False,False,False,True,True,False
IRF1,False,False,False,False,False,False,False,True,False,False
JADE1,False,True,False,False,False,False,False,True,False,True
JADE2,False,False,False,False,False,False,False,True,False,False
JADE3,False,False,False,False,False,False,False,True,False,False
JUN,False,False,False,False,False,False,False,True,False,False
JUND,False,False,False,False,False,False,False,True,False,False
KANK2,False,True,False,False,False,False,False,False,False,True
KAT14,False,False,False,False,False,False,False,True,False,False
KAT2A,False,False,False,False,False,False,False,True,False,False
KAT2B,False,False,False,False,False,False,False,True,False,False
KAT5,False,False,False,False,False,False,False,True,False,False
KAT7,False,False,False,False,False,False,False,True,False,False
KCNH5,False,False,False,True,False,False,False,False,False,True
KDM8,False,False,False,True,False,False,False,False,False,True
KHDRBS1,False,True,False,True,False,False,False,True,False,True
KIF11,False,False,False,False,False,False,False,True,False,False
KIF13A,False,False,False,False,False,False,False,True,False,False
KIF14,False,True,False,True,False,False,False,True,False,True
KIF20A,False,False,False,False,False,False,False,True,False,False
KIF20B,False,False,False,False,False,False,False,True,True,False
KIF23,False,False,False,False,False,False,False,True,False,False
KIF25,False,False,False,False,False,False,False,True,False,False
KIF2B,False,False,False,False,False,False,False,True,False,False
KIF2C,False,False,False,False,False,False,False,True,False,False
KLF11,False,True,False,False,False,False,False,False,False,True
KLF4,False,True,False,False,False,False,False,False,False,True
KLHL13,False,False,False,False,False,False,False,True,False,False
KLHL18,False,False,False,False,False,False,False,False,True,True
KLHL21,False,False,False,False,False,False,False,True,False,False
KLHL9,False,False,False,False,False,False,False,True,False,False
KMT2E,False,True,False,False,False,False,False,False,False,True
KNL1,False,False,False,False,False,True,True,True,False,False
KNSTRN,False,False,False,False,False,False,False,True,False,False
KNTC1,False,False,False,False,False,False,False,True,False,True
L3MBTL1,False,False,False,False,False,False,False,True,True,False
LATS1,False,True,False,True,False,False,False,True,False,True
LATS2,False,True,False,False,False,False,False,True,False,True
LCMT1,False,False,False,True,False,True,True,False,False,True
LEF1,False,False,False,False,False,False,False,True,False,False
LEP,False,False,False,False,False,False,False,True,False,False
LGMN,False,False,False,False,False,False,False,True,True,False
LILRB1,False,False,False,False,False,False,False,True,False,False
LIN9,False,False,False,False,False,False,False,True,False,False
LOC100533997,False,False,False,False,False,False,False,True,False,False
LOC102724428,False,False,False,False,False,False,False,True,True,False
LONP1,False,False,False,False,False,False,False,True,True,False
LRP5,False,False,False,False,False,False,False,True,False,False
LRP6,False,False,False,False,False,False,False,True,False,False
LSM10,False,True,False,False,False,False,False,False,False,True
LSM11,False,True,False,False,False,False,False,False,False,True
MACROH2A1,False,False,False,True,False,False,False,False,False,True
MAD1L1,False,False,False,False,False,True,True,True,False,False
MAD2L1,False,False,False,False,False,True,True,True,True,False
MAD2L1BP,False,False,False,False,False,False,False,False,False,True
MADD,False,False,False,False,False,False,False,True,False,False
MAEA,False,False,False,False,False,False,False,True,True,False
MAGEA4,False,False,False,False,False,False,False,True,False,False
MAGI1,False,False,False,False,False,False,False,True,False,False
MAP10,False,False,False,False,False,False,False,True,False,False
MAP2K6,False,False,False,False,False,False,False,True,False,False
MAP3K11,False,True,False,False,False,False,False,False,False,False
MAP3K20,False,False,False,False,True,False,False,True,False,True
MAP9,False,False,False,False,False,False,False,True,False,False
MAPK12,False,False,False,False,False,False,False,True,False,False
MAPRE3,False,False,False,False,False,False,False,True,False,False
MARK4,False,False,False,False,False,False,False,True,False,False
MASTL,False,False,False,True,False,False,False,True,True,True
MBIP,False,False,False,False,False,False,False,True,False,False
MBLAC1,False,True,False,False,False,False,False,False,False,True
MBTD1,False,False,False,False,False,False,False,True,False,False
MCIDAS,False,False,False,False,False,False,False,True,True,False
MCRS1,False,False,False,False,False,False,False,True,False,False
MDM2,False,False,False,False,False,False,False,True,True,False
MEAF6,False,False,False,False,False,False,False,True,False,False
MECOM,False,False,False,False,False,False,False,True,False,False
MEIS2,False,False,False,False,False,False,False,True,True,False
MELK,False,False,False,True,False,False,False,False,False,True
MEN1,False,False,False,False,False,False,False,True,False,False
METTL3,False,False,False,False,False,False,False,True,False,False
MKI67,False,False,False,False,False,False,False,True,True,False
MLF1,False,True,False,False,False,False,False,False,False,True
MN1,False,True,False,False,False,False,False,False,False,True
MNAT1,False,True,False,False,False,False,False,False,False,True
MORF4L1,False,False,False,False,False,False,False,True,False,False
MORF4L2,False,False,False,False,False,False,False,True,False,False
MRE11,False,False,False,True,False,True,True,False,False,False
MRFAP1L2,False,False,False,False,False,False,False,True,False,False
MRGBP,False,False,False,False,False,False,False,True,False,False
MRGPRX2,False,False,False,False,False,False,False,True,False,False
MRNIP,False,False,False,True,False,False,True,False,False,False
MSX1,False,False,False,False,False,False,False,True,False,False
MTBP,False,True,False,False,False,False,False,False,False,False
MUC1,False,True,False,False,False,False,True,False,False,False
MX2,False,False,False,False,False,False,False,True,False,False
MYBBP1A,False,False,False,False,False,False,False,True,False,False
MYC,False,True,False,False,False,False,False,True,False,True
MYO16,False,True,False,False,False,False,False,False,False,True
MYO19,False,False,False,False,False,False,False,True,False,False
MYOCD,False,False,False,False,False,False,False,True,False,False
MYOG,False,False,False,False,False,False,False,True,False,False
NABP1,False,False,False,True,False,True,True,False,False,False
NABP2,False,False,False,True,False,True,True,False,False,False
NAE1,False,False,False,True,False,False,True,False,False,False
NANOGP8,False,True,False,False,False,False,False,False,False,True
NANOS2,False,False,False,False,False,False,False,True,False,False
NANOS3,False,False,False,False,False,False,False,True,False,False
NCAPD2,False,False,False,False,False,False,False,True,False,False
NCAPD3,False,False,False,False,False,False,False,True,False,False
NCAPG,False,False,False,False,False,False,False,True,False,False
NCAPG2,False,False,False,False,False,False,False,True,False,False
NCAPH,False,False,False,False,False,False,False,True,False,False
NCAPH2,False,False,False,False,False,False,False,True,False,False
NDC80,False,False,False,False,False,True,True,True,False,False
NEK10,False,False,False,True,False,False,False,False,False,True
NEK11,False,False,False,False,False,False,False,False,True,True
NEK2,False,False,False,False,False,False,False,True,True,False
NEK6,False,False,False,False,True,False,False,True,True,True
NEK7,False,False,False,False,False,False,False,True,True,False
NEK9,False,False,False,False,False,False,False,True,True,False
NES,False,False,False,True,False,False,False,False,False,True
NF2,False,False,False,False,False,False,False,True,False,False
NFRKB,False,False,False,False,False,False,False,True,False,False
NHERF1,False,False,False,False,False,False,False,True,True,False
NKX3-1,False,False,False,False,False,False,False,True,True,False
NLRP2B,False,False,False,False,False,False,False,True,False,False
NME6,False,False,False,False,False,False,False,True,True,False
NOP53,False,False,False,True,False,False,True,True,False,False
NPAT,False,True,False,False,False,False,False,False,False,False
NPM1,False,False,False,True,False,False,False,False,False,True
NPM2,False,False,False,False,False,False,False,True,False,True
NPPC,False,False,False,False,False,False,False,True,False,False
NR2F2,False,False,False,False,False,False,False,True,False,False
NR4A1,False,False,False,False,False,False,False,True,False,False
NSFL1C,False,False,False,False,False,False,False,True,False,False
NSMCE2,False,False,False,False,True,False,False,False,False,True
NUDT16,False,False,False,False,False,False,False,True,False,False
NUDT6,False,False,False,False,False,False,False,True,False,False
NUGGC,False,False,True,False,False,False,False,True,False,False
NUMA1,False,False,False,False,False,False,False,True,False,False
NUP62,False,False,False,False,False,False,False,True,False,False
NUPR1,False,False,False,False,False,False,False,True,False,False
NUPR2,False,False,False,False,False,False,False,True,False,False
NUSAP1,False,False,False,False,False,False,False,True,False,False
OBSL1,False,False,False,False,False,False,False,True,True,False
OOEP,False,False,False,False,False,False,False,True,False,False
OPN1LW,False,False,False,False,False,False,False,True,False,False
OPN1MW3,False,False,False,False,False,False,False,True,False,False
OR1A2,False,False,False,False,False,False,False,True,False,False
OR2A4,False,False,False,False,False,False,False,True,False,False
OVOL2,False,False,False,False,False,False,False,True,False,False
PABIR1,False,False,False,True,False,True,True,False,False,False
PAF1,False,True,False,False,False,False,False,False,False,True
PAGR1,False,True,False,False,False,False,False,False,False,True
PBRM1,True,True,False,False,True,False,False,True,False,True
PCLAF,False,False,False,False,False,False,False,True,False,False
PDGFB,False,False,False,False,False,False,False,True,False,False
PDGFRB,False,False,False,False,False,False,False,True,False,False
PDIK1L,False,False,False,True,False,False,False,False,False,True
PDXP,False,False,False,False,False,False,False,True,True,False
PDZD2,False,False,False,False,False,False,False,True,True,False
PER2,False,False,False,False,False,False,False,True,False,False
PES1,False,False,False,False,False,False,False,True,False,False
PHACTR4,False,False,False,False,False,False,False,True,False,False
PHB2,False,True,False,False,False,False,False,False,False,True
PHF10,True,True,False,False,True,False,False,True,False,True
PHF8,False,True,False,False,False,False,False,False,False,True
PHIP,False,False,False,False,False,False,False,True,False,False
PHOX2B,False,False,False,True,False,False,False,False,False,True
PIK3C3,False,False,False,False,False,False,False,True,False,False
PIK3R4,False,False,False,False,False,False,False,True,False,False
PIM2,False,True,False,False,False,False,False,True,True,True
PIM3,False,False,False,False,False,False,False,True,True,False
PINX1,False,False,False,True,False,False,False,False,False,True
PKD1,False,True,False,False,False,False,False,True,False,True
PKMYT1,False,False,False,True,False,False,False,True,True,True
PKN2,False,False,False,False,False,False,False,True,True,False
PKP3,False,True,False,False,False,False,False,False,False,True
PKP4,False,False,False,False,False,False,False,True,False,False
PLAGL1,False,False,False,False,False,False,False,True,False,False
PLCB1,False,True,False,True,False,False,False,False,False,True
PLCG2,False,True,False,False,False,False,False,False,False,True
PLK1,False,False,False,True,True,False,True,True,True,True
PLK2,False,True,False,False,False,False,False,False,False,True
PLK3,False,True,False,True,False,True,True,True,False,True
PLK4,False,False,False,False,False,False,False,True,False,False
PLK5,False,True,False,False,False,False,False,False,False,True
PLSCR1,False,False,False,False,False,False,False,True,False,False
PML,False,False,False,False,False,False,False,True,True,False
POC5,False,False,False,False,False,False,False,True,False,False
POLE,False,True,False,False,False,False,False,False,False,True
POLR1B,False,True,False,False,False,True,True,False,False,False
POTEF,True,True,False,False,True,False,False,True,False,True
POU4F1,False,False,False,False,False,False,False,True,False,False
PPM1A,False,False,False,False,False,False,False,True,False,False
PPME1,False,False,False,True,False,False,False,False,False,True
PPP1R10,False,False,False,False,False,False,False,True,True,False
PPP1R13B,False,False,False,False,False,False,False,True,False,False
PPP1R15A,False,False,False,False,False,False,False,True,False,False
PPP1R9B,False,False,False,False,False,False,False,True,False,True
PPP2CA,False,True,False,False,False,False,False,False,False,True
PPP2R2A,False,False,False,False,False,False,False,True,False,False
PPP2R2D,False,False,False,False,False,False,False,True,False,True
PPP2R3B,False,False,False,False,False,False,False,True,False,False
PPP6C,False,True,False,False,False,False,False,False,False,True
PRC1,False,False,False,False,False,False,False,True,False,False
PRCC,False,False,False,False,False,False,False,True,False,False
PRDM11,False,False,False,False,False,False,False,True,False,False
PRKAG1,False,False,False,False,False,False,False,True,False,False
PRKAG2,False,False,False,False,False,False,False,True,False,False
PRKAG3,False,False,False,False,False,False,False,True,False,False
PRKCA,False,False,False,False,False,False,False,True,True,False
PRKCE,False,False,False,False,False,False,False,True,False,False
PRKD2,False,True,False,False,False,False,False,True,False,True
PRKDC,False,True,False,False,False,False,True,False,False,False
PRMT2,False,True,False,False,False,False,False,False,False,True
PRMT5,False,False,False,False,False,False,False,True,True,False
PROC,False,True,False,False,False,False,False,True,False,True
PROX1,False,False,False,False,False,False,False,True,False,False
PRP4K,False,False,False,False,False,True,True,False,False,False
PRPF40A,False,False,False,False,False,False,False,True,False,False
PRR11,False,False,False,False,False,False,False,True,False,False
PSMD10,False,False,False,False,False,False,False,True,False,False
PSME1,False,True,False,False,False,False,False,False,False,True
PSME2,False,True,False,False,False,False,False,False,False,True
PSME3,False,True,False,False,False,False,False,False,False,True
PSRC1,False,False,False,False,False,False,False,True,False,False
PTEN,False,True,False,False,False,False,False,True,False,True
PTGES2,False,False,False,False,False,False,False,True,True,False
PTK6,False,False,False,False,False,False,False,True,False,False
PTPN3,False,False,False,False,False,False,False,True,True,False
PTPN6,False,True,False,False,False,False,False,False,False,True
PTPRC,False,False,False,False,False,False,False,True,False,False
PTPRK,False,False,False,False,False,False,False,True,False,False
PUM1,False,False,False,False,False,False,False,True,False,False
PUM2,False,False,False,False,False,False,False,True,False,False
RAB11A,False,False,False,True,False,False,False,True,False,True
RAB11FIP3,False,False,False,False,False,False,False,True,False,False
RAB11FIP4,False,False,False,False,False,False,False,True,False,False
RAB33B,False,False,False,False,False,False,False,True,False,False
RACGAP1,False,False,False,False,False,False,False,True,False,False
RACK1,False,False,False,False,False,False,False,True,False,False
RAD17,False,False,False,True,False,False,True,False,False,False
RAD18,False,False,False,False,False,False,False,True,False,False
RAD21,False,False,False,False,False,False,False,True,False,False
RAD23A,False,False,False,False,False,False,False,True,False,False
RAD50,False,False,False,True,False,True,True,False,False,False
RAD51,False,False,False,False,False,True,True,False,False,False
RAD51B,False,False,False,True,False,False,False,False,False,True
RAD51C,False,False,False,True,False,False,False,False,False,True
RANBP1,False,False,False,False,False,False,False,True,False,False
RARA,False,False,False,False,False,False,False,True,False,False
RASSF1,False,True,False,False,False,False,False,True,False,True
RB1,False,True,False,False,True,False,False,True,True,True
RBBP8,False,False,False,True,False,True,True,False,False,False
RBL1,False,True,False,False,False,False,False,False,False,True
RBL2,False,True,False,False,False,False,False,False,False,True
RBM38,False,False,False,False,False,False,False,True,False,False
RBM46,False,False,False,False,False,False,False,False,True,False
RCC1,False,True,False,False,False,False,False,True,True,True
RCC2,False,False,False,True,False,False,False,False,False,True
RDX,False,True,False,False,False,False,False,False,False,True
RFPL1,False,False,False,True,False,False,False,False,False,True
RFWD3,False,True,False,False,False,True,True,False,False,False
RGCC,False,True,False,False,False,False,False,True,True,True
RHEB,False,False,False,False,False,False,False,True,False,False
RHNO1,True,False,False,False,False,False,False,True,False,False
RHOA,False,False,False,False,False,False,False,True,False,False
RHOB,False,False,False,False,False,False,False,True,False,False
RINT1,False,False,False,True,False,False,True,False,False,False
RIOK2,False,False,False,False,True,False,False,False,False,True
RIPOR2,False,False,False,False,False,False,False,True,False,False
RNASEH2A,False,False,False,False,False,False,False,True,False,False
RNF112,False,False,False,False,False,False,False,True,False,False
RNF167,False,False,False,False,False,False,False,True,False,False
RNF20,False,False,False,False,False,False,False,True,True,False
RNF40,False,False,False,False,False,False,False,True,True,False
RPL23,False,False,False,False,False,False,False,True,False,False
RPRD1B,False,False,False,False,False,False,False,True,False,False
RPRM,False,False,False,False,False,False,False,True,True,False
RPS15A,False,False,False,False,False,False,False,True,False,False
RPS27L,False,True,False,False,False,False,True,False,False,False
RPS6KA2,False,False,False,False,False,False,False,True,False,False
RPS6KB1,False,True,False,False,False,False,False,True,True,True
RPTOR,False,True,False,False,False,False,False,False,False,True
RRM1,True,True,False,True,False,False,False,True,False,True
RRM2,False,True,False,False,False,False,False,False,False,True
RRM2B,True,False,False,True,False,False,False,True,False,True
RRP8,False,False,False,False,False,False,False,True,False,False
RUNX3,False,False,False,False,False,False,False,True,False,False
RUVBL1,False,False,False,False,False,False,False,True,False,False
RUVBL2,False,False,False,False,False,False,False,True,False,False
RXFP3,False,False,False,False,False,False,False,True,False,False
SASS6,False,True,False,False,False,False,False,True,False,True
SCAND3,False,False,False,False,False,False,False,True,False,False
SCRIB,False,False,False,False,False,False,False,True,True,False
SDCBP,False,False,False,False,False,False,False,True,True,False
SDE2,False,True,False,False,False,False,True,False,False,False
SERPINA2,False,False,False,True,False,True,True,False,False,False
SETD2,False,False,False,False,False,False,False,True,False,False
SETMAR,False,False,False,False,False,True,True,False,False,False
SFRP1,False,False,False,False,False,False,False,True,False,False
SGF29,False,False,False,False,False,False,False,True,False,False
SH3GLB1,False,False,False,False,False,False,False,True,False,False
SIPA1,False,False,False,False,False,False,False,True,False,False
SIRT1,False,False,False,False,False,False,False,True,True,False
SIRT2,False,False,False,False,False,False,False,True,False,True
SIX3,False,False,False,False,False,False,False,True,False,True
SKA1,False,False,False,False,False,True,True,True,False,False
SKA3,False,False,False,False,False,True,True,True,False,False
SLC25A15,False,False,False,True,False,False,True,False,False,False
SLFN11,False,True,False,False,False,False,False,False,False,True
SMARCA2,True,True,False,False,True,False,False,True,False,True
SMARCA4,True,True,False,False,True,False,False,True,False,True
SMARCA5,False,False,False,False,False,False,False,True,False,False
SMARCB1,True,True,False,False,True,False,False,True,False,True
SMARCC1,True,True,False,False,True,False,False,True,False,True
SMARCC2,True,True,False,False,True,False,False,True,False,True
SMARCD1,True,True,False,False,True,False,False,True,False,True
SMARCD2,True,True,False,False,True,False,False,True,False,True
SMARCD3,True,True,False,False,True,False,False,True,False,True
SMARCE1,True,True,False,False,True,False,False,True,False,True
SMC4,False,False,False,False,False,False,False,True,False,False
SMC5,False,False,False,False,False,False,False,True,False,False
SMC6,False,False,False,False,False,False,False,True,False,False
SMIM22,False,False,False,False,False,False,False,True,False,False
SMOC2,False,False,False,False,False,False,False,True,True,False
SND1,False,False,False,False,False,False,False,True,False,False
SON,False,False,False,False,False,False,False,True,False,False
SOX15,True,False,False,False,False,False,False,True,False,False
SOX2,False,True,False,False,False,False,False,False,False,True
SOX9,False,False,False,False,False,False,False,True,False,False
SPAG5,False,False,False,False,False,False,False,True,False,False
SPAST,False,False,False,False,False,False,False,True,False,True
SPATA22,False,False,False,False,False,False,False,True,False,False
SPDYA,False,True,False,False,False,False,False,False,False,True
SPHK1,False,False,False,False,False,False,False,True,True,False
SRPK2,False,False,False,False,False,False,False,True,False,False
SSTR5,False,False,False,False,False,False,False,True,False,False
STAT3,False,False,False,False,False,False,False,True,False,False
STIL,False,True,False,False,False,False,False,True,False,True
STK11,False,False,False,False,False,False,False,True,False,False
STK35,False,False,False,True,False,False,False,False,False,True
STOX1,False,True,False,True,False,False,False,False,False,True
STXBP4,False,True,False,False,False,False,False,False,False,True
SUSD2,False,True,False,False,False,False,False,False,False,True
SUV39H1,False,False,False,False,False,False,False,True,False,False
SVIL,False,False,False,False,False,False,False,True,False,False
TACC3,False,False,False,False,True,False,False,False,False,True
TADA2A,False,False,False,False,False,False,False,True,False,False
TADA3,False,False,False,False,False,False,False,True,False,False
TAF1,False,True,False,False,False,False,False,False,False,True
TAF2,False,False,False,True,False,False,False,False,False,True
TAF6,False,False,False,False,False,False,False,True,False,False
TAL1,False,False,False,False,False,False,False,True,True,False
TAOK1,False,False,False,True,False,False,True,False,False,False
TAOK2,False,False,False,True,False,False,True,False,False,False
TAOK3,False,False,False,True,False,False,True,False,False,False
TARDBP,False,False,False,False,False,False,False,True,False,False
TAS1R2,False,False,False,False,False,False,False,True,False,False
TAS2R13,False,False,False,False,False,False,False,True,False,False
TBRG1,False,False,False,False,False,False,False,True,False,False
TBRG4,False,False,False,False,False,False,False,True,False,False
TBX3,False,False,False,False,False,False,False,True,False,False
TCF7L1,False,True,False,False,False,False,False,True,False,True
TCIM,False,True,False,False,False,False,False,False,False,True
TENT5B,False,False,False,False,False,False,False,True,False,False
TERF1,False,False,False,False,False,False,False,True,False,False
TERF2,False,False,False,False,False,False,False,True,False,False
TFAP4,False,False,False,False,False,False,False,True,True,True
TFDP1,False,True,False,False,False,False,False,False,False,True
TFDP3,False,True,False,False,False,False,False,False,False,True
TFPT,False,False,False,False,False,False,False,True,False,False
TGFA,False,False,False,False,False,False,False,True,False,False
TGFB1,False,False,False,False,False,False,False,True,False,False
TGFB2,False,False,False,False,False,False,False,True,False,False
TGFBR1,False,False,False,False,False,False,False,True,False,False
TGM1,False,False,False,False,False,False,False,True,False,False
THAP1,False,False,False,False,False,False,False,True,True,False
THAP5,False,False,False,False,False,False,False,True,False,False
TICRR,False,False,False,True,False,False,True,False,False,False
TIPIN,False,False,True,False,False,False,False,True,False,False
TM4SF5,False,True,False,False,False,False,False,False,False,True
TMEM14B,False,True,False,False,False,False,False,False,False,True
TMEM8B,False,False,False,False,False,False,False,True,True,False
TMSB4X,False,True,False,False,False,False,False,False,False,True
TOM1L1,False,False,False,False,False,False,False,True,True,False
TOM1L2,False,False,False,False,False,False,False,True,True,False
TOPBP1,False,False,False,True,False,False,True,False,False,False
TP53,False,True,False,True,False,False,True,True,False,True
TP53BP2,False,False,False,False,False,False,False,True,False,False
TP53I13,False,False,False,False,False,False,False,True,False,False
TP53INP1,False,False,False,False,False,False,False,True,False,False
TP63,False,True,False,False,False,False,False,False,False,True
TP73,False,False,False,False,False,False,False,True,True,False
TPD52L1,False,False,False,True,False,False,False,False,False,True
TPR,False,False,False,False,False,True,True,True,False,False
TRIAP1,False,True,False,False,False,False,True,False,False,False
TRIM21,False,False,False,False,False,False,False,True,False,False
TRIM32,False,False,False,False,False,False,False,True,False,False
TRIM35,False,False,False,False,False,False,False,True,True,False
TRIM39,False,True,False,True,False,False,True,False,False,True
TRIM71,False,True,False,False,False,False,False,False,False,True
TRNP1,False,False,False,False,False,False,False,True,False,False
TRRAP,False,False,False,False,False,False,False,True,False,False
TSC1,False,False,False,False,False,False,False,True,False,False
TSC2,False,False,False,False,False,False,False,True,False,False
TSC22D2,False,False,False,False,False,False,False,True,False,False
TSPYL2,False,False,False,False,False,False,False,True,False,False
TTC28,False,False,False,False,False,False,False,True,True,False
TTL,False,False,False,False,False,False,False,True,True,False
TTLL12,False,False,False,False,False,False,False,True,True,False
TXLNG,False,False,False,False,False,False,False,True,False,False
UBD,False,False,False,False,False,False,False,False,True,True
UBE2A,False,False,False,True,False,False,False,False,False,True
UBE2C,False,False,False,False,True,False,False,False,False,True
UBE2E2,False,True,False,False,False,False,False,False,False,True
UBE2S,False,False,False,False,False,False,False,False,False,True
UBXN2B,False,False,False,False,False,False,False,True,False,False
UCHL5,False,False,False,False,False,False,False,True,False,False
UHMK1,False,False,False,False,False,False,False,True,False,False
UHRF2,False,False,False,False,False,False,False,True,False,False
UIMC1,False,False,False,True,False,True,True,False,False,False
USH1C,False,False,False,True,False,False,False,False,False,True
USP17L2,False,False,False,True,False,False,False,False,False,False
USP19,False,False,False,False,False,False,False,True,False,False
USP2,False,False,False,False,False,False,False,True,True,False
USP22,False,False,False,True,False,False,False,True,True,True
USP26,False,True,False,False,False,False,False,False,False,True
USP29,False,True,False,False,False,False,False,False,False,True
USP37,False,True,False,False,False,False,False,False,False,True
USP44,False,False,False,False,False,True,True,True,False,True
USP50,False,False,False,True,False,False,False,False,False,True
USP51,False,False,False,False,False,False,False,True,False,False
UVRAG,False,False,False,False,False,False,False,True,False,False
UXT,False,False,False,True,False,False,False,True,False,True
VPS4A,False,False,False,True,False,True,True,True,False,False
VPS4B,False,False,False,True,False,False,False,False,False,True
VPS72,False,False,False,False,False,False,False,True,False,False
WAC,False,True,False,False,False,False,True,False,False,False
WAPL,False,False,False,False,False,False,False,True,False,False
WDR12,False,False,False,False,False,False,False,True,False,False
WDR5,False,False,False,False,False,False,False,True,False,False
WDR76,False,False,False,False,False,True,True,False,False,False
WEE1,False,True,False,True,False,False,False,False,False,True
WIZ,False,False,True,False,False,False,False,True,False,False
XIAP,False,False,False,False,False,False,False,True,False,False
XPC,False,False,False,False,False,False,False,False,True,True
XRCC3,False,False,False,False,False,True,True,True,False,False
YEATS2,False,False,False,False,False,False,False,True,False,False
YEATS4,False,False,False,False,False,False,False,True,False,False
YTHDF2,False,False,False,False,False,False,False,True,False,False
YWHAE,False,False,False,False,False,False,False,True,True,False
YY1,False,False,False,False,False,False,False,True,False,False
YY1AP1,False,False,False,False,False,False,False,True,False,False
ZBTB17,False,False,False,False,False,False,False,True,False,False
ZBTB49,False,False,False,False,False,False,False,True,False,False
ZC3H12D,False,True,False,False,False,False,False,False,False,True
ZFP36L1,False,False,False,False,False,False,False,False,True,True
ZFP36L2,False,False,False,False,False,False,False,False,True,True
ZFYVE19,False,False,False,True,False,True,True,True,False,False
ZFYVE26,False,False,False,False,False,False,False,True,False,False
ZNF16,False,False,False,False,False,False,False,True,False,True
ZNF207,False,False,False,False,False,False,False,True,False,False
ZNF268,False,False,False,False,False,False,False,True,True,False
ZNF324,False,True,False,False,False,False,False,False,False,True
ZNF367,False,False,False,True,False,False,True,True,False,True
ZNF655,False,True,False,False,False,False,False,False,False,True
ZNF703,False,False,False,False,False,False,False,True,False,False
ZNF830,False,False,False,True,False,False,True,False,False,False
ZNRF4,False,False,False,False,False,False,False,True,False,False
ZPR1,False,False,False,False,False,False,False,True,False,False
ZW10,False,False,False,False,False,False,False,True,False,True
ZWILCH,False,False,False,False,False,False,False,True,False,False
ZZZ3,False,False,False,False,False,False,False,True,False,False
