group,names,scores,logfoldchanges,pvals,pvals_adj,pct_nz_group,abs_lfc,gene_type,is_tf,direction,reference,DE_rank
mmMYOD1,MYOD1,66.87571,31.988237,0.0,0.0,0.9365853658536586,31.988237,protein_coding,True,up,Control,1
mmMYOD1,ESR1,37.680325,8.187259,0.0,0.0,0.5303769401330377,8.187259,protein_coding,True,up,Control,2
mmMYOD1,DPF3,35.84724,4.413079,2.030408316955988e-281,1.861899247147305e-279,0.5485587583148559,4.413079,protein_coding,True,up,Control,3
mmMYOD1,ZSCAN30,35.74855,3.8409526,6.96820223787153e-280,6.343588747418842e-278,0.5503325942350332,3.8409526,protein_coding,True,up,Control,4
mmMYOD1,ATF3,31.274353,3.640383,1.0418895227567608e-214,6.577516620298083e-213,0.5392461197339247,3.640383,protein_coding,True,up,Control,5
mmMYOD1,BATF2,27.024254,3.38121,7.668854266682327e-161,3.282583173844296e-159,0.43946784922394677,3.38121,protein_coding,True,up,Control,6
mmMYOD1,AEBP1,-58.191814,-3.309051,0.0,0.0,0.2745011086474501,3.309051,protein_coding,True,down,Control,7
mmMYOD1,CREB5,18.021196,3.2132862,1.328373912620452e-72,2.476018021402187e-71,0.3121951219512195,3.2132862,protein_coding,True,up,Control,8
mmMYOD1,IKZF2,18.964855,3.1964114,3.3293952878331443e-80,6.784621735774176e-79,0.3139689578713969,3.1964114,protein_coding,True,up,Control,9
mmMYOD1,ZNF462,25.079975,3.0626671,8.226047161032524e-139,2.9998209139057066e-137,0.42838137472283816,3.0626671,protein_coding,True,up,Control,10
mmMYOD1,ZNF133,14.919059,2.8368943,2.47744772321766e-50,3.2814101999771706e-49,0.2572062084257206,2.8368943,protein_coding,True,up,Control,11
mmMYOD1,ZNF438,20.283632,2.7204726,1.793860247320506e-91,4.1579827097947455e-90,0.36851441241685146,2.7204726,protein_coding,True,up,Control,12
mmMYOD1,ZNF267,18.916584,2.6738145,8.328114559916504e-80,1.6902439938001782e-78,0.3370288248337029,2.6738145,protein_coding,True,up,Control,13
mmMYOD1,RELB,16.390387,2.658953,2.2401802452570323e-60,3.491735039846662e-59,0.2984478935698448,2.658953,protein_coding,True,up,Control,14
mmMYOD1,DDIT3,29.579304,2.6436813,2.7586259781591934e-192,1.4842234759577708e-190,0.6212860310421287,2.6436813,protein_coding,True,up,Control,15
mmMYOD1,NFAT5,49.20719,2.5408628,0.0,0.0,0.8554323725055433,2.5408628,protein_coding,True,up,Control,16
mmMYOD1,POU2F2,29.432528,2.4721463,2.1070327495024165e-190,1.1264107417871853e-188,0.5485587583148559,2.4721463,protein_coding,True,up,Control,17
mmMYOD1,ZNF587,18.821617,2.413616,5.02279851275464e-79,1.0072053905145498e-77,0.34767184035476717,2.413616,protein_coding,True,up,Control,18
mmMYOD1,MAFF,19.795986,2.3364322,3.223821112325677e-87,7.149314145480578e-86,0.39157427937915745,2.3364322,protein_coding,True,up,Control,19
mmMYOD1,NFKB1,27.665794,2.3299868,1.801996038099825e-168,8.202346458930472e-167,0.5441241685144124,2.3299868,protein_coding,True,up,Control,20
mmMYOD1,HIVEP2,22.924297,2.312243,2.659853034462523e-116,7.834873076659479e-115,0.4523281596452328,2.312243,protein_coding,True,up,Control,21
mmMYOD1,ZNF675,13.266983,2.2977004,3.597772283443014e-40,4.048259130935476e-39,0.2545454545454545,2.2977004,protein_coding,True,up,Control,22
mmMYOD1,NR1D1,12.811475,2.2897284,1.4142147520903485e-37,1.5191774203087688e-36,0.27627494456762747,2.2897284,protein_coding,True,up,Control,23
mmMYOD1,RUNX1,38.038277,2.288175,0.0,0.0,0.7733924611973393,2.288175,protein_coding,True,up,Control,24
mmMYOD1,ZNF562,17.856209,2.2828774,2.586235952296577e-71,4.7225119576601595e-70,0.3436807095343681,2.2828774,protein_coding,True,up,Control,25
mmMYOD1,ZNF398,12.990663,2.2762,1.382249075636966e-38,1.5159489425776694e-37,0.2523281596452328,2.2762,protein_coding,True,up,Control,26
mmMYOD1,ZBTB43,14.898019,2.239833,3.394968868474343e-50,4.482500672059188e-49,0.29800443458980047,2.239833,protein_coding,True,up,Control,27
mmMYOD1,ZNF44,15.944888,2.2087111,3.0919389436525244e-57,4.599648188171305e-56,0.31751662971175165,2.2087111,protein_coding,True,up,Control,28
mmMYOD1,HIVEP3,16.111506,2.207106,2.1180250013430248e-58,3.2039431778293103e-57,0.317960088691796,2.207106,protein_coding,True,up,Control,29
mmMYOD1,IRF1,46.4697,2.1974814,0.0,0.0,0.916629711751663,2.1974814,protein_coding,True,up,Control,30
mmMYOD1,ZNF625,14.193249,2.1832101,1.0087452472336194e-45,1.2504061707938787e-44,0.28292682926829266,2.1832101,protein_coding,True,up,Control,31
mmMYOD1,NR6A1,14.909975,2.1515968,2.838603454154541e-50,3.755805707692838e-49,0.30110864745011084,2.1515968,protein_coding,True,up,Control,32
mmMYOD1,ZNF654,20.592245,2.1402354,3.220956547021348e-94,7.685636676206873e-93,0.4066518847006652,2.1402354,protein_coding,True,up,Control,33
mmMYOD1,ETV7,15.590411,2.134977,8.458748344095815e-55,1.2027985902306252e-53,0.3121951219512195,2.134977,protein_coding,True,up,Control,34
mmMYOD1,ZNF75A,18.928589,2.1251507,6.631419854186842e-80,1.3469770028803442e-78,0.376940133037694,2.1251507,protein_coding,True,up,Control,35
mmMYOD1,ETS2,17.419666,2.0997539,5.8518239654757494e-68,1.0231936601012087e-66,0.3764966740576497,2.0997539,protein_coding,True,up,Control,36
mmMYOD1,MSANTD3,28.993637,2.0207431,7.914667915931469e-185,3.993251928829198e-183,0.614190687361419,2.0207431,protein_coding,True,up,Control,37
mmMYOD1,NFKB2,13.567077,2.0015767,6.277628700385054e-42,7.255367926673177e-41,0.29800443458980047,2.0015767,protein_coding,True,up,Control,38
mmMYOD1,MYC,19.86979,1.9647214,7.43145178042436e-88,1.6627128890021594e-86,0.45764966740576496,1.9647214,protein_coding,True,up,Control,39
mmMYOD1,ZNF107,13.015803,1.905327,9.949013155790005e-39,1.0925651422743868e-37,0.2780487804878049,1.905327,protein_coding,True,up,Control,40
mmMYOD1,MEIS1,19.247667,1.8523153,1.476631879641324e-82,3.1047575404073567e-81,0.42261640798226163,1.8523153,protein_coding,True,up,Control,41
mmMYOD1,AKAP8L,18.73552,1.8494891,2.5415232480596136e-78,5.056081799742348e-77,0.4031042128603104,1.8494891,protein_coding,True,up,Control,42
mmMYOD1,TET2,13.796188,1.8435926,2.686870984108255e-43,3.1784519937242944e-42,0.30509977827051,1.8435926,protein_coding,True,up,Control,43
mmMYOD1,MTF2,21.599907,1.8153552,1.7997813641714264e-103,4.730262192068123e-102,0.46696230598669625,1.8153552,protein_coding,True,up,Control,44
mmMYOD1,SETDB2,14.766318,1.7770612,2.4155180226632968e-49,3.139798543064563e-48,0.3343680709534368,1.7770612,protein_coding,True,up,Control,45
mmMYOD1,MGA,14.645285,1.775986,1.4439554305039486e-48,1.8557966315520314e-47,0.32993348115299337,1.775986,protein_coding,True,up,Control,46
mmMYOD1,NFATC3,15.053259,1.7428766,3.2863659812081505e-51,4.403905687671253e-50,0.33791574279379155,1.7428766,protein_coding,True,up,Control,47
mmMYOD1,FOXN2,19.529957,1.7271084,6.109182125459923e-85,1.3255553547867534e-83,0.43946784922394677,1.7271084,protein_coding,True,up,Control,48
mmMYOD1,NCOA1,18.14864,1.7258942,1.3161869832794776e-73,2.492126159900539e-72,0.41818181818181815,1.7258942,protein_coding,True,up,Control,49
mmMYOD1,ZNF804A,11.254993,1.7170413,2.1884154892900107e-29,1.9821963800973614e-28,0.27184035476718404,1.7170413,protein_coding,True,up,Control,50
mmMYOD1,FOSL1,34.21879,1.7064695,1.2708076871313587e-256,1.050339274567846e-254,0.7680709534368071,1.7064695,protein_coding,True,up,Control,51
mmMYOD1,HMGA2,38.60302,1.6976599,0.0,0.0,0.8634146341463415,1.6976599,protein_coding,True,up,Control,52
mmMYOD1,ZNF609,24.606445,1.6930524,1.0776424771416258e-133,3.750255523637187e-132,0.5592017738359202,1.6930524,protein_coding,True,up,Control,53
mmMYOD1,RFX7,20.801222,1.6557708,4.219290505581741e-96,1.0252794317528707e-94,0.4904656319290466,1.6557708,protein_coding,True,up,Control,54
mmMYOD1,TRPS1,22.979874,1.6520458,7.410211791252202e-117,2.203419899017785e-115,0.5631929046563193,1.6520458,protein_coding,True,up,Control,55
mmMYOD1,DMTF1,16.32981,1.6498593,6.057343686450496e-60,9.377499535782818e-59,0.38181818181818183,1.6498593,protein_coding,True,up,Control,56
mmMYOD1,NFIX,-32.88729,-1.6458209,3.339904894210311e-237,2.4609516238102134e-235,0.33303769401330374,1.6458209,protein_coding,True,down,Control,57
mmMYOD1,PRDM1,13.63542,1.6418543,2.4656636612297295e-42,2.8681604237063975e-41,0.34279379157427936,1.6418543,protein_coding,True,up,Control,58
mmMYOD1,FOXO3,21.572031,1.6236813,3.289262402916934e-103,8.617936093398423e-102,0.517960088691796,1.6236813,protein_coding,True,up,Control,59
mmMYOD1,JUN,25.946045,1.6194965,2.015082638805025e-148,7.741737978993128e-147,0.7011086474501108,1.6194965,protein_coding,True,up,Control,60
mmMYOD1,BACH1,31.330782,1.6054678,1.7779126041209897e-215,1.1309324580036453e-213,0.7356984478935699,1.6054678,protein_coding,True,up,Control,61
mmMYOD1,ZNF714,12.478606,1.6003345,9.76820549401676e-36,1.0158771988520907e-34,0.3055432372505543,1.6003345,protein_coding,True,up,Control,62
mmMYOD1,RREB1,16.629448,1.5886103,4.26499459345992e-62,6.816937287231169e-61,0.4031042128603104,1.5886103,protein_coding,True,up,Control,63
mmMYOD1,KLF10,21.929169,1.5807171,1.3690333801615025e-106,3.690808230680034e-105,0.5778270509977828,1.5807171,protein_coding,True,up,Control,64
mmMYOD1,BAZ2B,26.299026,1.5731093,1.9674916683903777e-152,7.884401221686862e-151,0.6266075388026607,1.5731093,protein_coding,True,up,Control,65
mmMYOD1,RLF,12.834634,1.5695628,1.0489831088747812e-37,1.1282855134241332e-36,0.3263858093126386,1.5695628,protein_coding,True,up,Control,66
mmMYOD1,ZNF431,11.2976,1.5487484,1.3485284651642573e-29,1.2285397467627675e-28,0.293569844789357,1.5487484,protein_coding,True,up,Control,67
mmMYOD1,AEBP2,13.574674,1.5446857,5.659503988110816e-42,6.546993425657108e-41,0.3738359201773836,1.5446857,protein_coding,True,up,Control,68
mmMYOD1,KLF12,21.584854,1.5322611,2.4927250960531584e-103,6.537809056725643e-102,0.5365853658536586,1.5322611,protein_coding,True,up,Control,69
mmMYOD1,MYSM1,16.249321,1.5250854,2.2584898528023395e-59,3.4517528005785634e-58,0.40709534368070954,1.5250854,protein_coding,True,up,Control,70
mmMYOD1,REL,11.48929,1.5243345,1.49334087359619e-30,1.3896919551843656e-29,0.31352549889135256,1.5243345,protein_coding,True,up,Control,71
mmMYOD1,ZBTB21,11.775217,1.5163287,5.238220366010682e-32,5.038879208131102e-31,0.3095343680709534,1.5163287,protein_coding,True,up,Control,72
mmMYOD1,RUNX2,10.214103,1.4932101,1.7145835477680933e-24,1.38034688308943e-23,0.27583148558758314,1.4932101,protein_coding,True,up,Control,73
mmMYOD1,PBX1,-29.27299,-1.4716911,2.2897463760136484e-188,1.1985868217441444e-186,0.3614190687361419,1.4716911,protein_coding,True,down,Control,74
mmMYOD1,POU2F1,10.236583,1.4695997,1.3595402500423138e-24,1.0990929318714022e-23,0.2736141906873614,1.4695997,protein_coding,True,up,Control,75
mmMYOD1,ZNF791,13.733516,1.4687155,6.395350861453877e-43,7.505351973138258e-42,0.35432372505543236,1.4687155,protein_coding,True,up,Control,76
mmMYOD1,ZNF721,17.891088,1.4674755,1.383780979515509e-71,2.5471707612678887e-70,0.45942350332594234,1.4674755,protein_coding,True,up,Control,77
mmMYOD1,ZFY,9.523046,1.4507407,1.6817669624582995e-21,1.2355577982083986e-20,0.25099778270509976,1.4507407,protein_coding,True,up,Control,78
mmMYOD1,ZNF195,9.841862,1.4421965,7.432246910641646e-23,5.700324660463431e-22,0.2572062084257206,1.4421965,protein_coding,True,up,Control,79
mmMYOD1,NCOA2,18.543861,1.4334927,9.141675937261801e-77,1.79168291419376e-75,0.4771618625277162,1.4334927,protein_coding,True,up,Control,80
mmMYOD1,IRF7,23.625563,1.4246206,2.1052942682003628e-123,6.662169242166538e-122,0.61019955654102,1.4246206,protein_coding,True,up,Control,81
mmMYOD1,ETV6,11.309629,1.4137548,1.1758529513008178e-29,1.0727843592732152e-28,0.2984478935698448,1.4137548,protein_coding,True,up,Control,82
mmMYOD1,GPBP1L1,16.689428,1.4029132,1.564598513075718e-62,2.510351356292496e-61,0.43680709534368073,1.4029132,protein_coding,True,up,Control,83
mmMYOD1,GTF2B,16.41512,1.4020858,1.490896510702308e-60,2.3281706480985827e-59,0.43680709534368073,1.4020858,protein_coding,True,up,Control,84
mmMYOD1,GATAD2A,14.647289,1.3940289,1.401982056128501e-48,1.80277385579758e-47,0.3875831485587583,1.3940289,protein_coding,True,up,Control,85
mmMYOD1,LCOR,17.229544,1.3839741,1.5940123700720514e-66,2.7376045666732988e-65,0.4563192904656319,1.3839741,protein_coding,True,up,Control,86
mmMYOD1,RFX3,9.520142,1.3712268,1.7294349665138895e-21,1.269464883687642e-20,0.26740576496674057,1.3712268,protein_coding,True,up,Control,87
mmMYOD1,ASH1L,30.87881,1.367791,2.299982777224786e-209,1.3958784362451686e-207,0.7720620842572062,1.367791,protein_coding,True,up,Control,88
mmMYOD1,IRF9,25.919886,1.3646379,3.9751211011940035e-148,1.5248685921923744e-146,0.6687361419068736,1.3646379,protein_coding,True,up,Control,89
mmMYOD1,EPAS1,-30.103302,-1.3624038,4.386362075175808e-199,2.4878495146922654e-197,0.42483370288248334,1.3624038,protein_coding,True,down,Control,90
mmMYOD1,HDX,12.6261015,1.3512561,1.516042885914179e-36,1.597152769454074e-35,0.3552106430155211,1.3512561,protein_coding,True,up,Control,91
mmMYOD1,MITF,9.054053,1.3510594,1.377569354560087e-19,9.582726357330217e-19,0.2678492239467849,1.3510594,protein_coding,True,up,Control,92
mmMYOD1,TERF2,9.486715,1.3396009,2.384293595807114e-21,1.745055662343418e-20,0.26696230598669624,1.3396009,protein_coding,True,up,Control,93
mmMYOD1,ETV3,8.997519,1.3351446,2.3087596152998763e-19,1.5919290366088004e-18,0.25809312638580933,1.3351446,protein_coding,True,up,Control,94
mmMYOD1,ZNF131,25.542177,1.327317,6.707324010373586e-144,2.52666001626157e-142,0.6643015521064302,1.327317,protein_coding,True,up,Control,95
mmMYOD1,NCOA3,21.132364,1.3210723,4.009549383582133e-99,1.0014307933586946e-97,0.5671840354767184,1.3210723,protein_coding,True,up,Control,96
mmMYOD1,NME2,-49.06038,-1.3032691,0.0,0.0,0.9019955654101995,1.3032691,protein_coding,True,down,Control,97
mmMYOD1,HIVEP1,11.505819,1.2987893,1.2331211577901677e-30,1.150516235077451e-29,0.3419068736141907,1.2987893,protein_coding,True,up,Control,98
mmMYOD1,KCMF1,16.052645,1.2969754,5.477891434257267e-58,8.231907905331823e-57,0.4385809312638581,1.2969754,protein_coding,True,up,Control,99
mmMYOD1,ZNF521,8.414751,1.2833024,3.937300511231248e-17,2.5282037476411024e-16,0.25942350332594233,1.2833024,protein_coding,True,up,Control,100
mmMYOD1,TSC22D1,17.959135,1.2802825,4.071083018694579e-72,7.554655238384047e-71,0.5339246119733925,1.2802825,protein_coding,True,up,Control,101
mmMYOD1,SCMH1,15.850164,1.258641,1.4021272270081147e-56,2.0638458527127057e-55,0.47095343680709534,1.258641,protein_coding,True,up,Control,102
mmMYOD1,TRAFD1,15.151061,1.2538509,7.455346622155482e-52,1.0087401143149092e-50,0.4288248337028825,1.2538509,protein_coding,True,up,Control,103
mmMYOD1,ZNF37A,13.044564,1.2486887,6.824612721835793e-39,7.510960107264396e-38,0.3742793791574279,1.2486887,protein_coding,True,up,Control,104
mmMYOD1,SP140L,24.711437,1.2230555,8.058639337180056e-135,2.8438394941851976e-133,0.6811529933481153,1.2230555,protein_coding,True,up,Control,105
mmMYOD1,KIN,23.253307,1.215328,1.3170230472030936e-119,4.006237419373479e-118,0.6483370288248337,1.215328,protein_coding,True,up,Control,106
mmMYOD1,SETDB1,8.6804,1.2149321,3.9437916594314815e-18,2.6152470106855477e-17,0.2620842572062084,1.2149321,protein_coding,True,up,Control,107
mmMYOD1,E2F7,13.85961,1.2103902,1.1127762543689097e-43,1.3276171019597923e-42,0.4518847006651885,1.2103902,protein_coding,True,up,Control,108
mmMYOD1,TGIF1,15.61591,1.2075616,5.673009803523282e-55,8.094267139314366e-54,0.5099778270509978,1.2075616,protein_coding,True,up,Control,109
mmMYOD1,KMT2A,21.371717,1.1941887,2.449582147445064e-101,6.267637580112492e-100,0.6155210643015521,1.1941887,protein_coding,True,up,Control,110
mmMYOD1,ZFX,9.963515,1.1879934,2.2013856048661938e-23,1.7129766091008977e-22,0.3046563192904656,1.1879934,protein_coding,True,up,Control,111
mmMYOD1,ZNF24,13.118046,1.186757,2.595403833760659e-39,2.884215688946056e-38,0.401330376940133,1.186757,protein_coding,True,up,Control,112
mmMYOD1,MEF2A,17.930264,1.1839849,6.845449187751986e-72,1.2637674966308333e-70,0.5299334811529933,1.1839849,protein_coding,True,up,Control,113
mmMYOD1,JAZF1,9.796797,1.1792128,1.1621299319144793e-22,8.829657293402844e-22,0.3711751662971175,1.1792128,protein_coding,True,up,Control,114
mmMYOD1,PAX3,10.010806,1.1788944,1.3663520845957637e-23,1.0681693365760162e-22,0.31042128603104213,1.1788944,protein_coding,True,up,Control,115
mmMYOD1,HMBOX1,8.496317,1.1758331,1.9570164707767126e-17,1.2673194805344249e-16,0.2611973392461197,1.1758331,protein_coding,True,up,Control,116
mmMYOD1,ZNF451,16.813803,1.1721641,1.9335907421042097e-63,3.148632597933271e-62,0.503769401330377,1.1721641,protein_coding,True,up,Control,117
mmMYOD1,ZNF611,10.216364,1.155451,1.6750591208686737e-24,1.349391967648166e-23,0.31352549889135256,1.155451,protein_coding,True,up,Control,118
mmMYOD1,KDM2A,17.663248,1.1237797,8.047366912407973e-70,1.445304796577289e-68,0.5405764966740576,1.1237797,protein_coding,True,up,Control,119
mmMYOD1,ETS1,20.801918,1.1191356,4.158389659595128e-96,1.0114588440173009e-94,0.6842572062084257,1.1191356,protein_coding,True,up,Control,120
mmMYOD1,NFX1,11.289888,1.106531,1.4722383407002125e-29,1.3392998026225034e-28,0.3649667405764967,1.106531,protein_coding,True,up,Control,121
mmMYOD1,MTERF1,7.88143,1.1049312,3.2365549483907644e-15,1.947824661874643e-14,0.2616407982261641,1.1049312,protein_coding,True,up,Control,122
mmMYOD1,GPBP1,24.745043,1.0978532,3.5057040726526016e-135,1.2458885506289855e-133,0.7184035476718403,1.0978532,protein_coding,True,up,Control,123
mmMYOD1,PHF21A,12.910937,1.0976115,3.9052065719938173e-38,4.242205807519095e-37,0.42305986696230596,1.0976115,protein_coding,True,up,Control,124
mmMYOD1,ARID2,9.079314,1.0693538,1.0926138487740224e-19,7.625837656748914e-19,0.31529933481152994,1.0693538,protein_coding,True,up,Control,125
mmMYOD1,CREM,13.249664,1.0428,4.53227588094678e-40,5.095210907591445e-39,0.45543237250554325,1.0428,protein_coding,True,up,Control,126
mmMYOD1,CREB3L1,-22.163727,-1.0203823,7.691362187588874e-109,2.1306854060127678e-107,0.41685144124168516,1.0203823,protein_coding,True,down,Control,127
mmMYOD1,FAM200B,16.317766,1.0137931,7.378633226865273e-60,1.1401939634576682e-58,0.5937915742793791,1.0137931,protein_coding,True,up,Control,128
mmMYOD1,ZNF532,7.903997,1.0084159,2.7009930906955102e-15,1.6290243014117953e-14,0.28558758314855875,1.0084159,protein_coding,True,up,Control,129
mmMYOD1,ZNF830,8.621402,1.0082606,6.613949973014611e-18,4.356018532685848e-17,0.3254988913525499,1.0082606,protein_coding,True,up,Control,130
mmMYOD1,ZNF655,10.166972,1.0053452,2.7842802967008513e-24,2.2237071435125744e-23,0.3596452328159645,1.0053452,protein_coding,True,up,Control,131
mmMYOD1,BAZ2A,11.583858,1.0018548,4.975572459183566e-31,4.685765877415528e-30,0.39068736141906873,1.0018548,protein_coding,True,up,Control,132
mmMYOD1,EGR1,4.2967153,1.0018071,1.733477891502099e-05,6.329801700607724e-05,0.4088691796008869,1.0018071,protein_coding,True,up,Control,133
mmMYOD1,ZFHX3,15.6480465,1.0013078,3.425723922664262e-55,4.901750528522907e-54,0.5574279379157427,1.0013078,protein_coding,True,up,Control,134
mmMYOD1,ZNF124,7.0286913,0.9837401,2.084793788897184e-12,1.1250543114224796e-11,0.26518847006651886,0.9837401,protein_coding,True,up,Control,135
mmMYOD1,FOXN3,10.101084,0.98297346,5.463522536385769e-24,4.3263935470919894e-23,0.3631929046563193,0.98297346,protein_coding,True,up,Control,136
mmMYOD1,CEBPB,9.699326,0.97589856,3.0349942457986655e-22,2.2776960997591776e-21,0.4017738359201774,0.97589856,protein_coding,True,up,Control,137
mmMYOD1,CLOCK,14.789634,0.9740738,1.7088192879737529e-49,2.2292727637397984e-48,0.5095343680709534,0.9740738,protein_coding,True,up,Control,138
mmMYOD1,ZNF800,8.485402,0.9735178,2.149734812539448e-17,1.3910439582762341e-16,0.32195121951219513,0.9735178,protein_coding,True,up,Control,139
mmMYOD1,PRDM2,9.084902,0.9734026,1.0379233873881198e-19,7.252186604981619e-19,0.3392461197339246,0.9734026,protein_coding,True,up,Control,140
mmMYOD1,TSHZ3,7.0139556,0.97181803,2.3167288784358568e-12,1.2464695888560887e-11,0.2620842572062084,0.97181803,protein_coding,True,up,Control,141
mmMYOD1,THAP1,8.037794,0.9706279,9.14700972043986e-16,5.608291025763102e-15,0.3232815964523282,0.9706279,protein_coding,True,up,Control,142
mmMYOD1,ZBTB20,25.169886,0.96477044,8.561913121741052e-140,3.145126156386925e-138,0.8381374722838137,0.96477044,protein_coding,True,up,Control,143
mmMYOD1,SP110,35.99165,0.95935506,1.1301135990415423e-283,1.0477946232294388e-281,0.9223946784922394,0.95935506,protein_coding,True,up,Control,144
mmMYOD1,ZNF644,15.728502,0.95632935,9.646594476135868e-56,1.392990418433275e-54,0.5441241685144124,0.95632935,protein_coding,True,up,Control,145
mmMYOD1,ZNF480,8.808334,0.94153297,1.2701949797945412e-18,8.55398527534646e-18,0.3232815964523282,0.94153297,protein_coding,True,up,Control,146
mmMYOD1,ZNF518A,8.609758,0.9169866,7.321502804912436e-18,4.8144485599641417e-17,0.3325942350332594,0.9169866,protein_coding,True,up,Control,147
mmMYOD1,TFCP2,7.791322,0.9121034,6.6311676866307945e-15,3.95289962738518e-14,0.3006651884700665,0.9121034,protein_coding,True,up,Control,148
mmMYOD1,KLF6,17.941275,0.910864,5.615274402677958e-72,1.0381853174517024e-70,0.739689578713969,0.910864,protein_coding,True,up,Control,149
mmMYOD1,FOSL2,6.0226946,0.90404254,1.7153684782337319e-09,8.071226289157443e-09,0.29046563192904656,0.90404254,protein_coding,True,up,Control,150
mmMYOD1,PRRX1,-22.397041,-0.9028629,4.2059531610367845e-111,1.188737672938248e-109,0.5738359201773836,0.9028629,protein_coding,True,down,Control,151
mmMYOD1,ZFP91,-21.004637,-0.88006014,5.948601081099138e-98,1.4653387329774208e-96,0.509090909090909,0.88006014,protein_coding,True,down,Control,152
mmMYOD1,ZNF226,7.2333875,0.87205267,4.710922950077186e-13,2.618151958496779e-12,0.2851441241685144,0.87205267,protein_coding,True,up,Control,153
mmMYOD1,ZZZ3,12.17887,0.8696303,4.028247887114611e-34,4.048550256465668e-33,0.4607538802660754,0.8696303,protein_coding,True,up,Control,154
mmMYOD1,SAFB,14.147624,0.8654677,1.931745554984528e-45,2.382770683089899e-44,0.5436807095343681,0.8654677,protein_coding,True,up,Control,155
mmMYOD1,ZKSCAN1,10.176088,0.85792977,2.535491610062181e-24,2.0295241221542646e-23,0.4124168514412417,0.85792977,protein_coding,True,up,Control,156
mmMYOD1,SPEN,12.315543,0.8475033,7.471017116284109e-35,7.655659708962257e-34,0.4926829268292683,0.8475033,protein_coding,True,up,Control,157
mmMYOD1,ZNF207,23.67683,0.8469331,6.2484210827223345e-124,1.9848018726230264e-122,0.8177383592017738,0.8469331,protein_coding,True,up,Control,158
mmMYOD1,FOXP1,14.510832,0.8377373,1.0345896172018868e-47,1.3122210359320852e-46,0.5986696230598669,0.8377373,protein_coding,True,up,Control,159
mmMYOD1,CREB1,7.5251317,0.837198,5.2667212194435377e-14,3.0400100473176733e-13,0.317960088691796,0.837198,protein_coding,True,up,Control,160
mmMYOD1,YBX1,-27.605911,-0.8328134,9.44984361852876e-168,4.278140013678444e-166,0.8283813747228381,0.8328134,protein_coding,True,down,Control,161
mmMYOD1,RFX8,6.743214,0.8317073,1.549204761806647e-11,8.045745937402608e-11,0.31352549889135256,0.8317073,protein_coding,True,up,Control,162
mmMYOD1,SIX1,8.184308,0.8305518,2.738716537403751e-16,1.7079422119336473e-15,0.35388026607538803,0.8305518,protein_coding,True,up,Control,163
mmMYOD1,XPA,8.296048,0.8218688,1.0763233392238955e-16,6.810299728365549e-16,0.3782705099778271,0.8218688,protein_coding,True,up,Control,164
mmMYOD1,REST,11.10609,0.81978995,1.171798057028303e-28,1.0436936540550564e-27,0.46518847006651887,0.81978995,protein_coding,True,up,Control,165
mmMYOD1,TWIST1,-15.724025,-0.8158524,1.0353286386483928e-55,1.4916093678141923e-54,0.3321507760532151,0.8158524,protein_coding,True,down,Control,166
mmMYOD1,ZEB1,22.11284,0.8139452,2.3782374442284238e-108,6.566548793811359e-107,0.8168514412416852,0.8139452,protein_coding,True,up,Control,167
mmMYOD1,BPTF,19.437325,0.81208986,3.731203401977683e-84,8.012839032315492e-83,0.7290465631929046,0.81208986,protein_coding,True,up,Control,168
mmMYOD1,SMYD3,13.847906,0.8077395,1.309741161914984e-43,1.5603867441572257e-42,0.7042128603104213,0.8077395,protein_coding,True,up,Control,169
mmMYOD1,PLSCR1,34.11194,0.7780268,4.907244782852781e-255,4.042604341441278e-253,0.952549889135255,0.7780268,protein_coding,True,up,Control,170
mmMYOD1,CAMTA2,4.731505,0.77502,2.2286120430669888e-06,8.716703953004539e-06,0.3033259423503326,0.77502,protein_coding,True,up,Control,171
mmMYOD1,ZNF407,5.2286334,0.76993585,1.7076751463931317e-07,7.205213388459081e-07,0.25365853658536586,0.76993585,protein_coding,True,up,Control,172
mmMYOD1,AHDC1,4.2159753,0.7629372,2.4870100604476556e-05,8.967941271355882e-05,0.25144124168514415,0.7629372,protein_coding,True,up,Control,173
mmMYOD1,DNTTIP1,7.2431917,0.75877184,4.382469691330257e-13,2.43884680984195e-12,0.3441241685144124,0.75877184,protein_coding,True,up,Control,174
mmMYOD1,ELK3,12.712443,0.75687927,5.043362605379721e-37,5.371747724576976e-36,0.5494456762749446,0.75687927,protein_coding,True,up,Control,175
mmMYOD1,CEBPG,9.705023,0.75356513,2.8701126450579956e-22,2.1565326052549998e-21,0.4878048780487805,0.75356513,protein_coding,True,up,Control,176
mmMYOD1,TFAP2A,7.465445,0.75255847,8.301850481671038e-14,4.758035930713196e-13,0.36807095343680707,0.75255847,protein_coding,True,up,Control,177
mmMYOD1,TBX3,22.338457,0.7339229,1.5635382876682066e-110,4.404199889680646e-109,0.8682926829268293,0.7339229,protein_coding,True,up,Control,178
mmMYOD1,BNC2,13.155877,0.7281197,1.5744659271313703e-39,1.7574425093337543e-38,0.6146341463414634,0.7281197,protein_coding,True,up,Control,179
mmMYOD1,FOXK1,4.5418477,0.7279855,5.576334574792414e-06,2.1174396633857364e-05,0.25764966740576495,0.7279855,protein_coding,True,up,Control,180
mmMYOD1,ZNF146,8.385651,0.7277473,5.044579251564356e-17,3.231772011086334e-16,0.3968957871396896,0.7277473,protein_coding,True,up,Control,181
mmMYOD1,SP100,32.876366,0.72609717,4.7848573340308625e-237,3.505082372444882e-235,0.9618625277161863,0.72609717,protein_coding,True,up,Control,182
mmMYOD1,ZEB2,9.585063,0.7170188,9.240152817193739e-22,6.838529593072455e-21,0.5095343680709534,0.7170188,protein_coding,True,up,Control,183
mmMYOD1,TFE3,4.9810467,0.71435136,6.324134307127376e-07,2.567046827154805e-06,0.25587583148558757,0.71435136,protein_coding,True,up,Control,184
mmMYOD1,RBCK1,19.831633,0.7124339,1.58800475429604e-87,3.54039107865504e-86,0.7889135254988914,0.7124339,protein_coding,True,up,Control,185
mmMYOD1,ZNF585A,6.7944503,0.70729005,1.0872633384214433e-11,5.68126150749274e-11,0.3321507760532151,0.70729005,protein_coding,True,up,Control,186
mmMYOD1,GLYR1,9.096395,0.7037985,9.338066669727824e-20,6.541072292823566e-19,0.4376940133037694,0.7037985,protein_coding,True,up,Control,187
mmMYOD1,AHRR,7.377397,0.697273,1.6141411676373629e-13,9.14473753732951e-13,0.38669623059866964,0.697273,protein_coding,True,up,Control,188
mmMYOD1,ZNF292,9.552316,0.69074583,1.2682954943987967e-21,9.35344660765018e-21,0.4762749445676275,0.69074583,protein_coding,True,up,Control,189
mmMYOD1,OSR2,-10.48093,-0.68311936,1.0569851738798418e-25,8.79688952597049e-25,0.28558758314855875,0.68311936,protein_coding,True,down,Control,190
mmMYOD1,ELF2,11.830839,0.6812745,2.7042600375986965e-32,2.6183906629944063e-31,0.5853658536585366,0.6812745,protein_coding,True,up,Control,191
mmMYOD1,ZBTB24,4.866527,0.67844325,1.135763420332838e-06,4.520385189178344e-06,0.2660753880266075,0.67844325,protein_coding,True,up,Control,192
mmMYOD1,GTF3A,-16.367424,-0.6664682,3.267532559229371e-60,5.074167063238392e-59,0.5454545454545454,0.6664682,protein_coding,True,down,Control,193
mmMYOD1,KDM5B,9.106657,0.6643705,8.495956056984307e-20,5.956177229011934e-19,0.4696230598669623,0.6643705,protein_coding,True,up,Control,194
mmMYOD1,TOPORS,5.5458717,0.66332394,2.924932903710263e-08,1.2866222713344548e-07,0.3374722838137472,0.66332394,protein_coding,True,up,Control,195
mmMYOD1,NFE2L2,16.038694,0.6590846,6.858177388813755e-58,1.0293821091477563e-56,0.7507760532150776,0.6590846,protein_coding,True,up,Control,196
mmMYOD1,SAFB2,7.1401186,0.65524006,9.325035492161595e-13,5.126933080438779e-12,0.3787139689578714,0.65524006,protein_coding,True,up,Control,197
mmMYOD1,ZBED5,4.6318407,0.65206647,3.6242867312055296e-06,1.3973274268569915e-05,0.28824833702882485,0.65206647,protein_coding,True,up,Control,198
mmMYOD1,ZNF148,13.99431,0.64005727,1.6885914158003142e-44,2.0476615788319832e-43,0.6478935698447894,0.64005727,protein_coding,True,up,Control,199
mmMYOD1,ELF1,15.727975,0.6357046,9.727299410501213e-56,1.4038375932696926e-54,0.7223946784922395,0.6357046,protein_coding,True,up,Control,200
mmMYOD1,JUND,-15.799512,-0.63521516,3.135369484032062e-56,4.566915574248672e-55,0.5237250554323725,0.63521516,protein_coding,True,down,Control,201
mmMYOD1,MAX,8.931772,0.63353276,4.192390419708274e-19,2.8616680707848436e-18,0.4558758314855876,0.63353276,protein_coding,True,up,Control,202
mmMYOD1,ATF2,5.011032,0.6279697,5.413890684973807e-07,2.2071948296390046e-06,0.2940133037694013,0.6279697,protein_coding,True,up,Control,203
mmMYOD1,TEAD1,20.622084,0.62646836,1.7390619979471927e-94,4.153580965819502e-93,0.8434589800443459,0.62646836,protein_coding,True,up,Control,204
mmMYOD1,CEBPZ,18.82253,0.6178758,4.9369867773604536e-79,9.907885764213958e-78,0.8159645232815964,0.6178758,protein_coding,True,up,Control,205
mmMYOD1,ATF5,6.3911824,0.6060862,1.6460766687442376e-10,8.143201885975136e-10,0.37250554323725055,0.6060862,protein_coding,True,up,Control,206
mmMYOD1,ADNP,4.382212,0.6024773,1.1748023131341044e-05,4.342810492836178e-05,0.2749445676274945,0.6024773,protein_coding,True,up,Control,207
mmMYOD1,MECP2,7.069885,0.59990054,1.5506229226900373e-12,8.42216851610676e-12,0.4150776053215078,0.59990054,protein_coding,True,up,Control,208
mmMYOD1,SP3,8.351628,0.5993588,6.732827711033119e-17,4.2947202098862187e-16,0.4541019955654102,0.5993588,protein_coding,True,up,Control,209
mmMYOD1,PHF20,7.7117887,0.5965955,1.2406631772435045e-14,7.322739720794056e-14,0.4541019955654102,0.5965955,protein_coding,True,up,Control,210
mmMYOD1,ATF1,5.2436123,0.5889384,1.57462736498179e-07,6.662864124710753e-07,0.3237250554323725,0.5889384,protein_coding,True,up,Control,211
mmMYOD1,CENPS,-9.486123,-0.57569814,2.3978636925426087e-21,1.754476503751473e-20,0.2727272727272727,0.57569814,protein_coding,True,down,Control,212
mmMYOD1,SMAD3,4.37656,0.5752936,1.205668903414396e-05,4.452982047213012e-05,0.3210643015521064,0.5752936,protein_coding,True,up,Control,213
mmMYOD1,LCORL,4.8057714,0.57062757,1.541558242236445e-06,6.084384604843374e-06,0.34545454545454546,0.57062757,protein_coding,True,up,Control,214
mmMYOD1,TMF1,12.468119,0.5610399,1.1142633739508972e-35,1.1564222029694442e-34,0.6266075388026607,0.5610399,protein_coding,True,up,Control,215
mmMYOD1,RBPJ,10.54849,0.5608426,5.162013290783162e-26,4.332022242625843e-25,0.6328159645232816,0.5608426,protein_coding,True,up,Control,216
mmMYOD1,E2F3,4.339409,0.5529834,1.428666455004376e-05,5.251122490994726e-05,0.31086474501108646,0.5529834,protein_coding,True,up,Control,217
mmMYOD1,RELA,4.513445,0.5505965,6.378303791965683e-06,2.4077713503144493e-05,0.29223946784922394,0.5505965,protein_coding,True,up,Control,218
mmMYOD1,STAT2,19.815094,0.54598486,2.205962104005917e-87,4.9093891784989075e-86,0.8851441241685144,0.54598486,protein_coding,True,up,Control,219
mmMYOD1,SHOX,11.141832,0.5336364,7.848762700934833e-29,7.030588649685868e-28,0.7161862527716186,0.5336364,protein_coding,True,up,Control,220
mmMYOD1,TRERF1,3.5728464,0.53335243,0.0003531218953409586,0.0011469158146764384,0.30598669623059865,0.53335243,protein_coding,True,up,Control,221
mmMYOD1,PURA,6.7508116,0.5268224,1.4702042477154484e-11,7.640196882750435e-11,0.42261640798226163,0.5268224,protein_coding,True,up,Control,222
mmMYOD1,REXO4,6.9917417,0.5267401,2.7149428539374813e-12,1.457288061269668e-11,0.4483370288248337,0.5267401,protein_coding,True,up,Control,223
mmMYOD1,ZBTB38,14.280595,0.52623737,2.8912128735947475e-46,3.608773704020945e-45,0.8341463414634146,0.52623737,protein_coding,True,up,Control,224
mmMYOD1,IRF2,13.183352,0.51741594,1.0941792703003623e-39,1.2229692324540435e-38,0.7108647450110864,0.51741594,protein_coding,True,up,Control,225
mmMYOD1,ZHX1,5.829009,0.5104107,5.5757451968497244e-09,2.5537034964645675e-08,0.3738359201773836,0.5104107,protein_coding,True,up,Control,226
mmMYOD1,ZBTB1,3.7198608,0.5071209,0.00019933261237222436,0.0006644244121072578,0.28780487804878047,0.5071209,protein_coding,True,up,Control,227
mmMYOD1,HOXA10,-8.932052,-0.5018691,4.1817961980207685e-19,2.8552122628116802e-18,0.258980044345898,0.5018691,protein_coding,True,down,Control,228
siPRRX1,ZSCAN30,40.310623,3.3565414,0.0,0.0,0.5384197664947054,3.3565414,protein_coding,True,up,Control,1
siPRRX1,ZNF133,18.882034,2.5219579,1.60291327387392e-79,3.602397041087309e-78,0.2766766223187619,2.5219579,protein_coding,True,up,Control,2
siPRRX1,MEIS1,42.60865,2.5180955,0.0,0.0,0.6415965245723595,2.5180955,protein_coding,True,up,Control,3
siPRRX1,ZNF587,24.121675,2.223586,1.480925482197885e-128,5.786894815817116e-127,0.3779527559055118,2.223586,protein_coding,True,up,Control,4
siPRRX1,NFAT5,52.953884,2.0273573,0.0,0.0,0.851751289709476,2.0273573,protein_coding,True,up,Control,5
siPRRX1,AEBP1,-58.037693,-2.0173094,0.0,0.0,0.5786043985881075,2.0173094,protein_coding,True,down,Control,6
siPRRX1,HIVEP3,20.108461,1.995103,6.222499579997728e-90,1.60191111113753e-88,0.33722508824327996,1.995103,protein_coding,True,up,Control,7
siPRRX1,PRRX1,-48.227863,-1.9203659,0.0,0.0,0.42275319033396686,1.9203659,protein_coding,True,down,Control,8
siPRRX1,XBP1,-45.64879,-1.8520304,0.0,0.0,0.39017105620418135,1.8520304,protein_coding,True,down,Control,9
siPRRX1,ZNF398,14.789431,1.8499882,1.7139854547215377e-49,2.5125786776740583e-48,0.25224002172142274,1.8499882,protein_coding,True,up,Control,10
siPRRX1,RFX7,33.787273,1.737182,3.033309741382762e-250,2.6555728418809504e-248,0.6125441216399674,1.737182,protein_coding,True,up,Control,11
siPRRX1,NFATC3,21.406347,1.6809341,1.1660313072188671e-101,3.491978858782033e-100,0.39180016291067066,1.6809341,protein_coding,True,up,Control,12
siPRRX1,GTF2I,15.564752,1.6781845,1.2636007438741628e-54,2.0196712653042122e-53,0.2818354602226446,1.6781845,protein_coding,True,up,Control,13
siPRRX1,SREBF2,18.032509,1.6665697,1.0826551022795355e-72,2.217016471057507e-71,0.33070866141732286,1.6665697,protein_coding,True,up,Control,14
siPRRX1,MITF,21.078562,1.6493039,1.2512956588038594e-98,3.6055108627414873e-97,0.3939723051859897,1.6493039,protein_coding,True,up,Control,15
siPRRX1,EPAS1,-42.026512,-1.6245,0.0,0.0,0.4615802335052946,1.6245,protein_coding,True,down,Control,16
siPRRX1,ZNF804A,14.826455,1.6223437,9.881453847531371e-50,1.452787649930212e-48,0.294325278305729,1.6223437,protein_coding,True,up,Control,17
siPRRX1,ZNF654,20.44979,1.6193645,6.0335896980469345e-93,1.6076349390575532e-91,0.3806679337496606,1.6193645,protein_coding,True,up,Control,18
siPRRX1,KLF12,31.83025,1.5850103,2.470240545134971e-222,1.869495901718713e-220,0.6255769752918816,1.5850103,protein_coding,True,up,Control,19
siPRRX1,ZNF33B,16.784527,1.5511478,3.1674493698391047e-63,5.7214473663966454e-62,0.31903339668748304,1.5511478,protein_coding,True,up,Control,20
siPRRX1,HMGA2,46.14562,1.5486282,0.0,0.0,0.9158294868313874,1.5486282,protein_coding,True,up,Control,21
siPRRX1,GTF2IRD1,16.03715,1.4758353,7.030889833468892e-58,1.1745886832163523e-56,0.3144175943524301,1.4758353,protein_coding,True,up,Control,22
siPRRX1,ZNF609,30.323566,1.4514945,5.607065556593168e-202,3.659302056492466e-200,0.6087428726581591,1.4514945,protein_coding,True,up,Control,23
siPRRX1,KDM2B,14.346509,1.3600074,1.120368877533316e-46,1.563910467605672e-45,0.2967689383654629,1.3600074,protein_coding,True,up,Control,24
siPRRX1,HIF1A,-48.948673,-1.3451499,0.0,0.0,0.7963616616888406,1.3451499,protein_coding,True,down,Control,25
siPRRX1,JUND,-33.845924,-1.2520996,4.166654463290336e-251,3.673381054197648e-249,0.4800434428455064,1.2520996,protein_coding,True,down,Control,26
siPRRX1,MGA,14.032543,1.248745,9.855289874250573e-45,1.3241925849220317e-43,0.3087157208797176,1.248745,protein_coding,True,up,Control,27
siPRRX1,NFIX,-32.374413,-1.1945698,6.291106043532e-230,4.970765108483806e-228,0.48058647841433616,1.1945698,protein_coding,True,down,Control,28
siPRRX1,ZNF652,17.158346,1.1936976,5.444240283700595e-66,1.0223615946805765e-64,0.3928862340483302,1.1936976,protein_coding,True,up,Control,29
siPRRX1,RREB1,17.727728,1.1902611,2.5617572544076434e-70,5.100373436945043e-69,0.40727667662231876,1.1902611,protein_coding,True,up,Control,30
siPRRX1,ZNF714,13.1306305,1.1888449,2.1981969759604597e-39,2.6785595159060383e-38,0.3016562584849308,1.1888449,protein_coding,True,up,Control,31
siPRRX1,SCMH1,23.006245,1.1874123,4.036457261527281e-117,1.4125351692637112e-115,0.543850122183003,1.1874123,protein_coding,True,up,Control,32
siPRRX1,ATF4,-42.487362,-1.1785697,0.0,0.0,0.7178930219929406,1.1785697,protein_coding,True,down,Control,33
siPRRX1,ZNF37A,18.716244,1.176215,3.650021326522975e-78,8.05183809044919e-77,0.4327993483573174,1.176215,protein_coding,True,up,Control,34
siPRRX1,ARID2,16.77259,1.1499977,3.8725486310426666e-63,6.975029168715271e-62,0.3980450719522129,1.1499977,protein_coding,True,up,Control,35
siPRRX1,KCMF1,20.497496,1.1493173,2.2666356924317504e-93,6.0522304365611216e-92,0.48547379853380396,1.1493173,protein_coding,True,up,Control,36
siPRRX1,POU2F1,12.2783165,1.1484579,1.1843681692277573e-34,1.30921401759862e-33,0.2894379581862612,1.1484579,protein_coding,True,up,Control,37
siPRRX1,TET2,11.138008,1.1437641,8.193149149504646e-29,7.863295092836277e-28,0.25875644854737984,1.1437641,protein_coding,True,up,Control,38
siPRRX1,ASH1L,36.457134,1.1427546,5.3029199082399325e-291,5.768015827464786e-289,0.829215313603041,1.1427546,protein_coding,True,up,Control,39
siPRRX1,ZNF69,11.605017,1.1379156,3.886134621247776e-31,3.96761554219714e-30,0.27206081998370896,1.1379156,protein_coding,True,up,Control,40
siPRRX1,BAZ2B,25.696789,1.1291916,1.26959440643369e-145,5.626072143924672e-144,0.6253054575074667,1.1291916,protein_coding,True,up,Control,41
siPRRX1,PRDM5,10.568558,1.0984086,4.168547530182742e-26,3.7446880673354157e-25,0.2552267173499864,1.0984086,protein_coding,True,up,Control,42
siPRRX1,NFIA,12.923981,1.0947257,3.296353285676505e-38,3.912336922810953e-37,0.3163182188433342,1.0947257,protein_coding,True,up,Control,43
siPRRX1,LCOR,19.382421,1.0912929,1.0861270468650905e-83,2.5818380491515858e-82,0.47895737170784686,1.0912929,protein_coding,True,up,Control,44
siPRRX1,CLOCK,25.115582,1.0905849,3.360964374863009e-139,1.4337451762785734e-137,0.6174314417594352,1.0905849,protein_coding,True,up,Control,45
siPRRX1,GATAD2A,16.211485,1.0858076,4.183434670284107e-59,7.107030393884955e-58,0.39831658973662776,1.0858076,protein_coding,True,up,Control,46
siPRRX1,ZFP91,-31.235487,-1.0840099,3.514929894329226e-214,2.5233179578547467e-212,0.5405919087700244,1.0840099,protein_coding,True,down,Control,47
siPRRX1,LCORL,19.77629,1.0727094,4.7647116785695225e-87,1.1806523238238442e-85,0.5085528102090687,1.0727094,protein_coding,True,up,Control,48
siPRRX1,BNC2,31.133142,1.0704991,8.578487305511309e-213,6.0887873457140446e-211,0.786587021449905,1.0704991,protein_coding,True,up,Control,49
siPRRX1,SIM1,18.459417,1.0609359,4.3804438711898847e-76,9.383037741476303e-75,0.4716263915286451,1.0609359,protein_coding,True,up,Control,50
siPRRX1,ZFY,10.363194,1.060833,3.645794073779934e-25,3.2063080818269035e-24,0.25142546836817814,1.060833,protein_coding,True,up,Control,51
siPRRX1,MTF2,15.054043,1.0444913,3.247640481787544e-51,4.892099205359342e-50,0.38474070051588377,1.0444913,protein_coding,True,up,Control,52
siPRRX1,GLI2,12.224213,1.0365108,2.3080658480412682e-34,2.5346355986837808e-33,0.3049144718979093,1.0365108,protein_coding,True,up,Control,53
siPRRX1,POU2F2,14.418005,1.0261166,3.9870037317798066e-47,5.637448270382634e-46,0.3665490089600869,1.0261166,protein_coding,True,up,Control,54
siPRRX1,ZNF721,18.04976,1.023791,7.923250664759004e-73,1.626467289238029e-71,0.46646755362476244,1.023791,protein_coding,True,up,Control,55
siPRRX1,NCOA1,14.444219,1.0164616,2.7262992559285453e-47,3.867927448021492e-46,0.37062177572631005,1.0164616,protein_coding,True,up,Control,56
siPRRX1,ZNF521,11.347158,1.000994,7.661252345678456e-30,7.542971255388593e-29,0.2907955471083356,1.000994,protein_coding,True,up,Control,57
siPRRX1,ZNF791,13.260621,0.9992816,3.916387895599301e-40,4.833161211435562e-39,0.34346999728482214,0.9992816,protein_coding,True,up,Control,58
siPRRX1,PHF21A,18.508512,0.99789613,1.763022139170262e-76,3.802377190454249e-75,0.4903611186532718,0.99789613,protein_coding,True,up,Control,59
siPRRX1,ZNF75A,9.824833,0.9959767,8.801976579934805e-23,7.213257128096605e-22,0.25251153950583766,0.9959767,protein_coding,True,up,Control,60
siPRRX1,TFCP2,14.451064,0.9956659,2.468435836114034e-47,3.506044025901708e-46,0.3757806136301928,0.9956659,protein_coding,True,up,Control,61
siPRRX1,AKAP8L,11.927567,0.9907622,8.502297987970766e-33,9.08285455976843e-32,0.31007330980179204,0.9907622,protein_coding,True,up,Control,62
siPRRX1,FOXN3,15.990067,0.97385573,1.4987041814234776e-57,2.4905053745004167e-56,0.4325278305729025,0.97385573,protein_coding,True,up,Control,63
siPRRX1,BPTF,31.905949,0.9319584,2.2080573220931347e-223,1.686311497717693e-221,0.8444203095302742,0.9319584,protein_coding,True,up,Control,64
siPRRX1,RFX3,10.062448,0.9299027,8.096019369977702e-24,6.83077846507924e-23,0.26907412435514527,0.9299027,protein_coding,True,up,Control,65
siPRRX1,HMBOX1,10.163082,0.92783165,2.8976714992119144e-24,2.473900580672734e-23,0.2766766223187619,0.92783165,protein_coding,True,up,Control,66
siPRRX1,GPBP1L1,15.051553,0.92188513,3.372272417490307e-51,5.073755494722243e-50,0.41922345913657344,0.92188513,protein_coding,True,up,Control,67
siPRRX1,KMT2A,23.72625,0.9202804,1.932737780241334e-124,7.258889307375749e-123,0.6641325006787945,0.9202804,protein_coding,True,up,Control,68
siPRRX1,FOXN2,12.575825,0.9155898,2.867915742568315e-36,3.262075642723924e-35,0.3524300841705132,0.9155898,protein_coding,True,up,Control,69
siPRRX1,TRERF1,16.212675,0.9147884,4.103067647121952e-59,6.975215000107318e-58,0.45832202009231604,0.9147884,protein_coding,True,up,Control,70
siPRRX1,ZNF544,9.101993,0.90074676,8.868912949504935e-20,6.661892579051151e-19,0.25196850393700787,0.90074676,protein_coding,True,up,Control,71
siPRRX1,MEF2A,19.345955,0.8989189,2.204849348222903e-83,5.216482553997049e-82,0.5555253869128428,0.8989189,protein_coding,True,up,Control,72
siPRRX1,GLYR1,19.676722,0.8944244,3.413855433702644e-86,8.368442109971964e-85,0.5633994026608743,0.8944244,protein_coding,True,up,Control,73
siPRRX1,RBCK1,-25.863995,-0.8899791,1.6934205260331104e-147,7.611607180162421e-146,0.5731740428998099,0.8899791,protein_coding,True,down,Control,74
siPRRX1,SMYD3,28.016907,0.88858616,1.0113243599144077e-172,5.441228237089809e-171,0.8389899538419766,0.88858616,protein_coding,True,up,Control,75
siPRRX1,TRPS1,17.119568,0.87605417,1.0606047268475987e-65,1.9783782009482377e-64,0.5142546836817812,0.87605417,protein_coding,True,up,Control,76
siPRRX1,NCOA2,14.727373,0.8485188,4.301026680454819e-49,6.268422063405325e-48,0.44230247081183816,0.8485188,protein_coding,True,up,Control,77
siPRRX1,KLF6,-21.180412,-0.83095,1.4476145224946396e-99,4.224478802810722e-98,0.5077382568558241,0.83095,protein_coding,True,down,Control,78
siPRRX1,HIVEP2,9.354639,0.82713014,8.388545967717775e-21,6.509283693170996e-20,0.2867227803421124,0.82713014,protein_coding,True,up,Control,79
siPRRX1,HMGA1,29.64188,0.8189116,4.3158939877113672e-193,2.651372917731927e-191,0.890035297311974,0.8189116,protein_coding,True,up,Control,80
siPRRX1,ARID3A,11.784911,0.81392145,4.6691425771692e-32,4.882100557384658e-31,0.36410534890035295,0.81392145,protein_coding,True,up,Control,81
siPRRX1,DZIP1,16.428137,0.81344616,1.202989229173287e-60,2.09033937567137e-59,0.5066521857181645,0.81344616,protein_coding,True,up,Control,82
siPRRX1,ZNF532,10.640055,0.81313664,1.9401614134433346e-26,1.7592383859320543e-25,0.31903339668748304,0.81313664,protein_coding,True,up,Control,83
siPRRX1,TET1,9.4366,0.8021154,3.8507240366103865e-21,3.0160003785496436e-20,0.29106706489275047,0.8021154,protein_coding,True,up,Control,84
siPRRX1,DMTF1,9.437692,0.79772437,3.810819369943572e-21,2.985676566548244e-20,0.29351072495248437,0.79772437,protein_coding,True,up,Control,85
siPRRX1,TBX5,13.701489,0.7976189,9.946335464946345e-43,1.287540571315002e-41,0.4311702416508281,0.7976189,protein_coding,True,up,Control,86
siPRRX1,NR2C1,8.988326,0.7963223,2.5102429915381425e-19,1.859444734828637e-18,0.27586206896551724,0.7963223,protein_coding,True,up,Control,87
siPRRX1,IRF7,-13.246568,-0.7942927,4.723160183062488e-40,5.820212003905252e-39,0.27097474884604944,0.7942927,protein_coding,True,down,Control,88
siPRRX1,NCOA3,17.418194,0.7933007,6.004259060415884e-68,1.1569249474847355e-66,0.5473798533803964,0.7933007,protein_coding,True,up,Control,89
siPRRX1,STAT2,-28.006365,-0.7864996,1.359213358001606e-172,7.2973493233222985e-171,0.7477599782785772,0.7864996,protein_coding,True,down,Control,90
siPRRX1,ZNF226,9.980357,0.7824156,1.8579762373724397e-23,1.5494029518825065e-22,0.3144175943524301,0.7824156,protein_coding,True,up,Control,91
siPRRX1,MYSM1,10.627911,0.76616293,2.2100812156503033e-26,2.0010991216010638e-25,0.34455606842248165,0.76616293,protein_coding,True,up,Control,92
siPRRX1,E2F7,12.816594,0.74738777,1.3238866875633825e-37,1.5486022770818225e-36,0.45044800434428456,0.74738777,protein_coding,True,up,Control,93
siPRRX1,ZFX,9.312305,0.7424886,1.2508762519943243e-20,9.658732854213088e-20,0.2959543850122183,0.7424886,protein_coding,True,up,Control,94
siPRRX1,KDM2A,15.897088,0.7315121,6.637962780183372e-57,1.0922426510470688e-55,0.53923431984795,0.7315121,protein_coding,True,up,Control,95
siPRRX1,SAFB,17.599691,0.7251612,2.4767108979045047e-69,4.861706095370983e-68,0.6033125169698615,0.7251612,protein_coding,True,up,Control,96
siPRRX1,MEIS2,21.8782,0.72431153,4.19060229649201e-106,1.2999144852056573e-104,0.8137387998913929,0.72431153,protein_coding,True,up,Control,97
siPRRX1,LIN54,8.549495,0.7181277,1.2362839887426138e-17,8.679204107612997e-17,0.2878088514797719,0.7181277,protein_coding,True,up,Control,98
siPRRX1,PRDM1,7.9150763,0.7014644,2.471017437317579e-15,1.5891165633488992e-14,0.27151778441487917,0.7014644,protein_coding,True,up,Control,99
siPRRX1,PPARA,7.690864,0.6861875,1.4614449845735007e-14,9.11625290029637e-14,0.2658159109421667,0.6861875,protein_coding,True,up,Control,100
siPRRX1,ZNF131,17.141441,0.6848617,7.282365134790593e-66,1.3614338272079499e-64,0.6160738528373608,0.6848617,protein_coding,True,up,Control,101
siPRRX1,ZNF611,8.341456,0.68061703,7.338096592171769e-17,5.015696816510007e-16,0.2894379581862612,0.68061703,protein_coding,True,up,Control,102
siPRRX1,SKIL,-13.27596,-0.680336,3.191541532889885e-40,3.944450199478173e-39,0.33668205267445017,0.680336,protein_coding,True,down,Control,103
siPRRX1,PA2G4,31.824362,0.6708995,2.97978815406615e-222,2.2483530678398223e-220,0.9788216128156394,0.6708995,protein_coding,True,up,Control,104
siPRRX1,IRF1,-17.99311,-0.6659871,2.2062236464060178e-72,4.495829305725677e-71,0.5620418137387999,0.6659871,protein_coding,True,down,Control,105
siPRRX1,ELF1,-18.064533,-0.66322356,6.063330552290048e-73,1.2477251716366892e-71,0.5424925332609286,0.66322356,protein_coding,True,down,Control,106
siPRRX1,TWIST2,22.286917,0.6571605,4.949182867695328e-110,1.5881630745046337e-108,0.8131957643225631,0.6571605,protein_coding,True,up,Control,107
siPRRX1,ZKSCAN1,12.305152,0.65410584,8.497666893486441e-35,9.422435055857913e-34,0.45343469997284824,0.65410584,protein_coding,True,up,Control,108
siPRRX1,DNMT1,21.76899,0.64559495,4.565765710314341e-105,1.4076003587405905e-103,0.8647841433613902,0.64559495,protein_coding,True,up,Control,109
siPRRX1,THYN1,10.746817,0.63330156,6.1342429856977685e-27,5.627199315759113e-26,0.40483301656258486,0.63330156,protein_coding,True,up,Control,110
siPRRX1,MSANTD3,11.8362665,0.62772024,2.5348720254924574e-32,2.6660190252207402e-31,0.45587836003258214,0.62772024,protein_coding,True,up,Control,111
siPRRX1,RFX8,8.4990835,0.62689024,1.91092943591232e-17,1.3322423142822685e-16,0.34102633722508824,0.62689024,protein_coding,True,up,Control,112
siPRRX1,YY1,-20.617924,-0.6254466,1.895195365716372e-94,5.153536662228308e-93,0.6551724137931034,0.6254466,protein_coding,True,down,Control,113
siPRRX1,HOXA9,11.343966,0.62160015,7.945992731389602e-30,7.811072510520154e-29,0.4613087157208797,0.62160015,protein_coding,True,up,Control,114
siPRRX1,NFE2L1,-18.46732,-0.61820364,3.784085488749884e-76,8.112536859243139e-75,0.6120010860711377,0.61820364,protein_coding,True,down,Control,115
siPRRX1,FOSL1,14.855882,0.5980295,6.37242082358197e-50,9.40184648345981e-49,0.6372522400217214,0.5980295,protein_coding,True,up,Control,116
siPRRX1,IRF2,-16.792664,-0.597584,2.761674853315831e-63,4.9956689967180395e-62,0.5710019006244909,0.597584,protein_coding,True,down,Control,117
siPRRX1,NFKB1,8.0025425,0.59547055,1.2187599112194935e-15,7.939476673399273e-15,0.32419223459136576,0.59547055,protein_coding,True,up,Control,118
siPRRX1,PLSCR1,-27.349455,-0.59013957,1.0961290090417089e-164,5.609233702888386e-163,0.9049687754547923,0.59013957,protein_coding,True,down,Control,119
siPRRX1,SMAD3,9.109279,0.5865084,8.293159173226659e-20,6.235006504682616e-19,0.3879989139288623,0.5865084,protein_coding,True,up,Control,120
siPRRX1,PAX3,6.3897896,0.57803696,1.6611417898492386e-10,8.659304691234847e-10,0.2682595710019006,0.57803696,protein_coding,True,up,Control,121
siPRRX1,ZNF407,6.739101,0.57302934,1.5936961929730218e-11,8.733524655319553e-11,0.27450448004344286,0.57302934,protein_coding,True,up,Control,122
siPRRX1,AHDC1,7.3843045,0.5701109,1.5325251893223128e-13,9.174702860832126e-13,0.29758349171870757,0.5701109,protein_coding,True,up,Control,123
siPRRX1,JRKL,6.7593217,0.5689114,1.3863945266659394e-11,7.619105178698248e-11,0.2658159109421667,0.5689114,protein_coding,True,up,Control,124
siPRRX1,NFYB,-10.787021,-0.5668433,3.964348890450453e-27,3.656689802549856e-26,0.3453706217757263,0.5668433,protein_coding,True,down,Control,125
siPRRX1,STAT1,-34.33229,-0.5663178,2.5886388767599906e-258,2.382495985987968e-256,0.9948411620961173,0.5663178,protein_coding,True,down,Control,126
siPRRX1,PKNOX1,6.3115587,0.5652044,2.762391204538093e-10,1.4180558261651355e-09,0.2571273418408906,0.5652044,protein_coding,True,up,Control,127
siPRRX1,ZNF480,7.9734807,0.56457585,1.542668213385933e-15,1.0000279032387759e-14,0.3163182188433342,0.56457585,protein_coding,True,up,Control,128
siPRRX1,PIN1,16.13704,0.5627391,1.4010225517627187e-58,2.3609720077525198e-57,0.6768938365462938,0.5627391,protein_coding,True,up,Control,129
siPRRX1,MLX,10.465822,0.5606824,1.2399469766308522e-25,1.1020483811399645e-24,0.44637523757806136,0.5606824,protein_coding,True,up,Control,130
siPRRX1,SPEN,11.90181,0.5522563,1.1580803223072914e-32,1.2334856370620178e-31,0.512354059190877,0.5522563,protein_coding,True,up,Control,131
siPRRX1,ZNF830,7.731552,0.54836994,1.0624300947924998e-14,6.67699313700759e-14,0.3244637523757806,0.54836994,protein_coding,True,up,Control,132
siPRRX1,ZEB1,19.546831,0.54653585,4.389585910232115e-85,1.064601694792395e-83,0.8579961987510182,0.54653585,protein_coding,True,up,Control,133
siPRRX1,ZNF292,12.322164,0.544643,6.882281045819382e-35,7.634622232108512e-34,0.5403203909856096,0.544643,protein_coding,True,up,Control,134
siPRRX1,NR3C1,-15.348276,-0.54285103,3.6372604465400498e-53,5.658811515774941e-52,0.5848493076296497,0.54285103,protein_coding,True,down,Control,135
siPRRX1,BAZ2A,8.6872225,0.5400601,3.714097082189637e-18,2.6515373123304607e-17,0.36519142003801247,0.5400601,protein_coding,True,up,Control,136
siPRRX1,NFX1,7.994329,0.537924,1.302816024327833e-15,8.47167583521251e-15,0.334781428183546,0.537924,protein_coding,True,up,Control,137
siPRRX1,ZNF83,-7.92517,-0.5360891,2.2783489400221357e-15,1.4678409094101586e-14,0.2576703774097203,0.5360891,protein_coding,True,down,Control,138
siPRRX1,RUNX1,12.9699745,0.53377914,1.810904842778621e-38,2.1677367832137036e-37,0.5935378767309258,0.53377914,protein_coding,True,up,Control,139
siPRRX1,SAFB2,9.571379,0.53230584,1.0548936071487313e-21,8.366558324879743e-21,0.4241107792560413,0.53230584,protein_coding,True,up,Control,140
siPRRX1,ZNF207,19.078012,0.5318293,3.846085053279615e-81,8.865755325569137e-80,0.8305729025251154,0.5318293,protein_coding,True,up,Control,141
siPRRX1,CGGBP1,-14.3165655,-0.5300144,1.724372525593032e-46,2.3977080286690938e-45,0.5164268259571002,0.5300144,protein_coding,True,down,Control,142
siPRRX1,TFAP2A,9.306759,0.5299519,1.3179232773653377e-20,1.0170190499717897e-19,0.40890578332880806,0.5299519,protein_coding,True,up,Control,143
siPRRX1,SOX4,-7.938258,-0.5275643,2.050399692171116e-15,1.3230185584358362e-14,0.25332609285908225,0.5275643,protein_coding,True,down,Control,144
siPRRX1,RORA,10.160094,0.52689195,2.987874794557511e-24,2.548314395385337e-23,0.4862883518870486,0.52689195,protein_coding,True,up,Control,145
siPRRX1,CAMTA1,-23.234262,-0.52520484,2.052111727564553e-119,7.397612520342461e-118,0.8547379853380397,0.52520484,protein_coding,True,down,Control,146
siPRRX1,GTF2B,7.888922,0.5238962,3.048069712280138e-15,1.95073356064062e-14,0.35025794189519416,0.5238962,protein_coding,True,up,Control,147
siPRRX1,YBX3,-18.178413,-0.517285,7.651586006776053e-74,1.592823115213381e-72,0.7165354330708661,0.517285,protein_coding,True,down,Control,148
siPRRX1,ZNF451,10.268018,0.51628816,9.820115535590093e-25,8.499490973036055e-24,0.4572359489546565,0.51628816,protein_coding,True,up,Control,149
siPRRX1,PHF20,11.304156,0.50440806,1.2515164014522504e-29,1.2249941995671698e-28,0.5243008417051317,0.50440806,protein_coding,True,up,Control,150
siPRRX1,JUN,-11.605965,-0.5014886,3.8432928162390497e-31,3.925470540683836e-30,0.4306272060819984,0.5014886,protein_coding,True,down,Control,151
siPRRX1/mmMYOD1,MYOD1,69.31007,30.816484,0.0,0.0,0.8339120370370371,30.816484,protein_coding,True,up,Control,1
siPRRX1/mmMYOD1,ESR1,31.145601,7.0949836,5.8175723901665e-213,3.530732460756606e-211,0.3784722222222222,7.0949836,protein_coding,True,up,Control,2
siPRRX1/mmMYOD1,ZSCAN30,39.272068,3.49158,0.0,0.0,0.5321180555555556,3.49158,protein_coding,True,up,Control,3
siPRRX1/mmMYOD1,DPF3,25.856857,3.2217648,2.0372387116875654e-147,8.229527310267164e-146,0.37644675925925924,3.2217648,protein_coding,True,up,Control,4
siPRRX1/mmMYOD1,ATF3,17.95093,3.0045524,4.719351660025274e-72,9.170798902536353e-71,0.3492476851851852,3.0045524,protein_coding,True,up,Control,5
siPRRX1/mmMYOD1,IKZF2,21.377832,2.964956,2.1488135554992754e-101,5.843191493016753e-100,0.3090277777777778,2.964956,protein_coding,True,up,Control,6
siPRRX1/mmMYOD1,BATF2,24.149923,2.7294955,7.480596040761293e-129,2.6141509891539392e-127,0.3645833333333333,2.7294955,protein_coding,True,up,Control,7
siPRRX1/mmMYOD1,AEBP1,-63.787064,-2.6803393,0.0,0.0,0.4166666666666667,2.6803393,protein_coding,True,down,Control,8
siPRRX1/mmMYOD1,PRRX1,-54.830734,-2.5627143,0.0,0.0,0.29282407407407407,2.5627143,protein_coding,True,down,Control,9
siPRRX1/mmMYOD1,ZNF133,16.88098,2.5369816,6.210496201302252e-64,1.1012344922647876e-62,0.25578703703703703,2.5369816,protein_coding,True,up,Control,10
siPRRX1/mmMYOD1,ZNF462,21.618639,2.4037788,1.1996347799624817e-103,3.360314769379857e-102,0.35185185185185186,2.4037788,protein_coding,True,up,Control,11
siPRRX1/mmMYOD1,NFAT5,53.863365,2.283277,0.0,0.0,0.8587962962962963,2.283277,protein_coding,True,up,Control,12
siPRRX1/mmMYOD1,ZNF438,18.277662,2.1839428,1.2465720564047683e-74,2.4917557270665243e-73,0.3168402777777778,2.1839428,protein_coding,True,up,Control,13
siPRRX1/mmMYOD1,ZNF675,16.09688,2.1754928,2.682969595808794e-58,4.3576143545114255e-57,0.26591435185185186,2.1754928,protein_coding,True,up,Control,14
siPRRX1/mmMYOD1,ZNF138,16.417086,2.1240704,1.44335379069783e-60,2.422558940886685e-59,0.2708333333333333,2.1240704,protein_coding,True,up,Control,15
siPRRX1/mmMYOD1,ZNF587,19.994371,2.1055098,6.165166400989217e-89,1.464139612393715e-87,0.3336226851851852,2.1055098,protein_coding,True,up,Control,16
siPRRX1/mmMYOD1,ETV7,20.249767,2.1023302,3.569284499076576e-91,8.656548486853093e-90,0.3431712962962963,2.1023302,protein_coding,True,up,Control,17
siPRRX1/mmMYOD1,MEIS1,29.974745,2.0850055,2.094619926164974e-197,1.1617973568393185e-195,0.5173611111111112,2.0850055,protein_coding,True,up,Control,18
siPRRX1/mmMYOD1,ZNF267,16.434958,2.0794156,1.0750125637570814e-60,1.8103730346488222e-59,0.27922453703703703,2.0794156,protein_coding,True,up,Control,19
siPRRX1/mmMYOD1,ZNF625,17.576752,2.0604692,3.7124814960284756e-69,6.966378645945592e-68,0.30063657407407407,2.0604692,protein_coding,True,up,Control,20
siPRRX1/mmMYOD1,HIVEP3,18.653276,2.0037215,1.1877186591907125e-77,2.4724622229350324e-76,0.3246527777777778,2.0037215,protein_coding,True,up,Control,21
siPRRX1/mmMYOD1,ZNF44,17.100313,1.9436109,1.4761077487855004e-65,2.6663323721052825e-64,0.30931712962962965,1.9436109,protein_coding,True,up,Control,22
siPRRX1/mmMYOD1,ZNF107,18.190788,1.9276394,6.105525014040118e-74,1.211748985013997e-72,0.31886574074074076,1.9276394,protein_coding,True,up,Control,23
siPRRX1/mmMYOD1,ZNF654,21.707878,1.8642582,1.7285731202220172e-104,4.863620181265219e-103,0.39438657407407407,1.8642582,protein_coding,True,up,Control,24
siPRRX1/mmMYOD1,NFE2L3,14.028355,1.8389348,1.0454863785420606e-44,1.3760550417625886e-43,0.2586805555555556,1.8389348,protein_coding,True,up,Control,25
siPRRX1/mmMYOD1,EPAS1,-42.587193,-1.7334224,0.0,0.0,0.4114583333333333,1.7334224,protein_coding,True,down,Control,26
siPRRX1/mmMYOD1,ZNF562,15.192983,1.7184404,3.935955077552882e-52,5.831061749917082e-51,0.28877314814814814,1.7184404,protein_coding,True,up,Control,27
siPRRX1/mmMYOD1,DDIT3,18.945889,1.7165289,4.774639096591472e-80,1.019265776898533e-78,0.5118634259259259,1.7165289,protein_coding,True,up,Control,28
siPRRX1/mmMYOD1,ZNF75A,18.212803,1.7137154,4.0848707648206674e-74,8.113554374457241e-73,0.34693287037037035,1.7137154,protein_coding,True,up,Control,29
siPRRX1/mmMYOD1,NFATC3,19.39217,1.6737955,8.986489372426996e-84,2.0268808974111373e-82,0.3706597222222222,1.6737955,protein_coding,True,up,Control,30
siPRRX1/mmMYOD1,NR6A1,13.170086,1.6672664,1.3044936935120436e-39,1.553398509155621e-38,0.2601273148148148,1.6672664,protein_coding,True,up,Control,31
siPRRX1/mmMYOD1,HMGA2,45.027985,1.6069287,0.0,0.0,0.8912037037037037,1.6069287,protein_coding,True,up,Control,32
siPRRX1/mmMYOD1,NFIX,-38.35037,-1.591686,0.0,0.0,0.37818287037037035,1.591686,protein_coding,True,down,Control,33
siPRRX1/mmMYOD1,MTF2,23.379025,1.5900893,6.986253657855702e-121,2.282660720510824e-119,0.4681712962962963,1.5900893,protein_coding,True,up,Control,34
siPRRX1/mmMYOD1,RFX7,26.413298,1.5478437,9.639282158579092e-154,4.063701401282857e-152,0.5381944444444444,1.5478437,protein_coding,True,up,Control,35
siPRRX1/mmMYOD1,TET2,13.931736,1.5367762,4.063560151490808e-44,5.292950355954279e-43,0.2884837962962963,1.5367762,protein_coding,True,up,Control,36
siPRRX1/mmMYOD1,HIVEP2,16.779295,1.5284353,3.459173903136774e-63,6.0610323214933454e-62,0.36313657407407407,1.5284353,protein_coding,True,up,Control,37
siPRRX1/mmMYOD1,NFKB1,19.806265,1.5166522,2.6287296935826484e-87,6.144136026135593e-86,0.43952546296296297,1.5166522,protein_coding,True,up,Control,38
siPRRX1/mmMYOD1,SETDB2,15.551722,1.514198,1.5488484868702914e-54,2.3816626120626035e-53,0.3275462962962963,1.514198,protein_coding,True,up,Control,39
siPRRX1/mmMYOD1,ZNF804A,12.45675,1.510842,1.2850144874208847e-35,1.4093092104293822e-34,0.27025462962962965,1.510842,protein_coding,True,up,Control,40
siPRRX1/mmMYOD1,AKAP8L,17.722218,1.4849781,2.825503698696855e-70,5.362054828810965e-69,0.37094907407407407,1.4849781,protein_coding,True,up,Control,41
siPRRX1/mmMYOD1,MITF,15.572217,1.4821736,1.1244112338582308e-54,1.7321861840540715e-53,0.3333333333333333,1.4821736,protein_coding,True,up,Control,42
siPRRX1/mmMYOD1,NCOA2,25.006596,1.4603105,5.1825394430411544e-138,1.9552024931809616e-136,0.5332754629629629,1.4603105,protein_coding,True,up,Control,43
siPRRX1/mmMYOD1,IRF1,36.529015,1.4482481,3.840849785415698e-292,3.386147077486134e-290,0.8723958333333334,1.4482481,protein_coding,True,up,Control,44
siPRRX1/mmMYOD1,AEBP2,12.854786,1.4376945,8.084890221906543e-38,9.352714167385995e-37,0.3605324074074074,1.4376945,protein_coding,True,up,Control,45
siPRRX1/mmMYOD1,POU2F2,18.916714,1.4365563,8.307582421274664e-80,1.767453987442398e-78,0.41203703703703703,1.4365563,protein_coding,True,up,Control,46
siPRRX1/mmMYOD1,ETS2,11.620349,1.4308091,3.2480708787123443e-31,3.210504677361384e-30,0.29369212962962965,1.4308091,protein_coding,True,up,Control,47
siPRRX1/mmMYOD1,FOXN2,19.15221,1.4230707,9.276537874442368e-82,2.039215141148197e-80,0.4195601851851852,1.4230707,protein_coding,True,up,Control,48
siPRRX1/mmMYOD1,MGA,14.384579,1.40887,6.467081573402458e-47,8.816706001807388e-46,0.3125,1.40887,protein_coding,True,up,Control,49
siPRRX1/mmMYOD1,RUNX1,28.039341,1.3774056,5.388427093063139e-173,2.6086631818941126e-171,0.6915509259259259,1.3774056,protein_coding,True,up,Control,50
siPRRX1/mmMYOD1,ZNF714,14.041024,1.3590701,8.743970761492906e-45,1.1526810564179998e-43,0.3125,1.3590701,protein_coding,True,up,Control,51
siPRRX1/mmMYOD1,FOSL1,33.716904,1.3563628,3.2681309681483845e-249,2.33946036198565e-247,0.7618634259259259,1.3563628,protein_coding,True,up,Control,52
siPRRX1/mmMYOD1,RREB1,18.437296,1.3414289,6.595869275723547e-76,1.3441022824154894e-74,0.4114583333333333,1.3414289,protein_coding,True,up,Control,53
siPRRX1/mmMYOD1,DMTF1,14.533299,1.3157246,7.454167612121647e-48,1.0324885083912266e-46,0.3454861111111111,1.3157246,protein_coding,True,up,Control,54
siPRRX1/mmMYOD1,GTF2IRD1,12.199866,1.315621,3.113340331713885e-34,3.303453934739995e-33,0.2725694444444444,1.315621,protein_coding,True,up,Control,55
siPRRX1/mmMYOD1,KLF12,22.542286,1.2989324,1.5985003818678666e-112,4.904019608646156e-111,0.5381944444444444,1.2989324,protein_coding,True,up,Control,56
siPRRX1/mmMYOD1,PBX1,-31.272318,-1.2876843,1.11038936310176e-214,6.804791009096298e-213,0.4366319444444444,1.2876843,protein_coding,True,down,Control,57
siPRRX1/mmMYOD1,ZNF609,23.39383,1.2857147,4.938556545070696e-121,1.6199239132042598e-119,0.5393518518518519,1.2857147,protein_coding,True,up,Control,58
siPRRX1/mmMYOD1,TRPS1,21.436663,1.2823999,6.082191539823286e-102,1.6738350999956174e-100,0.5419560185185185,1.2823999,protein_coding,True,up,Control,59
siPRRX1/mmMYOD1,SREBF2,11.257247,1.2788489,2.13318731599984e-29,2.0134659842904575e-28,0.25578703703703703,1.2788489,protein_coding,True,up,Control,60
siPRRX1/mmMYOD1,ZNF721,20.088829,1.2433966,9.241568226971516e-90,2.213571432515599e-88,0.4791666666666667,1.2433966,protein_coding,True,up,Control,61
siPRRX1/mmMYOD1,MSANTD3,18.403658,1.2290859,1.2279037233776169e-75,2.478097104705703e-74,0.5023148148148148,1.2290859,protein_coding,True,up,Control,62
siPRRX1/mmMYOD1,BAZ2B,23.779535,1.2118673,5.439108580370857e-125,1.8368688466451365e-123,0.6030092592592593,1.2118673,protein_coding,True,up,Control,63
siPRRX1/mmMYOD1,GTF2B,17.865778,1.1912334,2.178720455735591e-71,4.201268624007096e-70,0.4470486111111111,1.1912334,protein_coding,True,up,Control,64
siPRRX1/mmMYOD1,ZNF791,13.498971,1.1600493,1.5857580738958767e-41,1.9588867927584955e-40,0.3414351851851852,1.1600493,protein_coding,True,up,Control,65
siPRRX1/mmMYOD1,ETV6,12.505047,1.1580256,7.005819275414788e-36,7.730707734478348e-35,0.3038194444444444,1.1580256,protein_coding,True,up,Control,66
siPRRX1/mmMYOD1,TRAFD1,18.759554,1.1573778,1.6175272863547204e-78,3.4010033972342016e-77,0.46469907407407407,1.1573778,protein_coding,True,up,Control,67
siPRRX1/mmMYOD1,GATAD2A,15.338414,1.1551899,4.234121575097354e-53,6.359028015295644e-52,0.3839699074074074,1.1551899,protein_coding,True,up,Control,68
siPRRX1/mmMYOD1,ZFP91,-31.164738,-1.1314363,3.20296045007477e-213,1.9486097885854404e-211,0.5054976851851852,1.1314363,protein_coding,True,down,Control,69
siPRRX1/mmMYOD1,JUND,-30.349152,-1.1305077,2.578005387407541e-202,1.4755116939408172e-200,0.4675925925925926,1.1305077,protein_coding,True,down,Control,70
siPRRX1/mmMYOD1,ASH1L,31.608545,1.1160027,2.8175039919991438e-219,1.783189050452657e-217,0.7850115740740741,1.1160027,protein_coding,True,up,Control,71
siPRRX1/mmMYOD1,RFX3,9.844172,1.0991803,7.26350913799378e-23,5.746313935807043e-22,0.2630208333333333,1.0991803,protein_coding,True,up,Control,72
siPRRX1/mmMYOD1,ZNF431,9.617578,1.0904305,6.739946636467668e-22,5.1867656719107705e-21,0.26533564814814814,1.0904305,protein_coding,True,up,Control,73
siPRRX1/mmMYOD1,SP140L,26.723124,1.0798988,2.53568997393323e-157,1.1099607366732812e-155,0.703125,1.0798988,protein_coding,True,up,Control,74
siPRRX1/mmMYOD1,IRF9,24.542934,1.0784231,5.145531337684737e-133,1.8495939970052462e-131,0.6588541666666666,1.0784231,protein_coding,True,up,Control,75
siPRRX1/mmMYOD1,KCMF1,16.796616,1.0747612,2.5836995324583887e-63,4.539722688989474e-62,0.44039351851851855,1.0747612,protein_coding,True,up,Control,76
siPRRX1/mmMYOD1,PAX3,12.198438,1.070869,3.1684405496367056e-34,3.3604996728650006e-33,0.3292824074074074,1.070869,protein_coding,True,up,Control,77
siPRRX1/mmMYOD1,POU2F1,9.078016,1.0674816,1.1057198727956678e-19,7.98801538926508e-19,0.25202546296296297,1.0674816,protein_coding,True,up,Control,78
siPRRX1/mmMYOD1,HDX,12.548777,1.0592604,4.03700131975274e-36,4.4862315418004135e-35,0.3492476851851852,1.0592604,protein_coding,True,up,Control,79
siPRRX1/mmMYOD1,MYSM1,13.710317,1.055592,8.807243121251555e-43,1.1159394385505122e-41,0.37297453703703703,1.055592,protein_coding,True,up,Control,80
siPRRX1/mmMYOD1,TERF2,9.352345,1.0539066,8.572496535589443e-21,6.397165071375715e-20,0.2560763888888889,1.0539066,protein_coding,True,up,Control,81
siPRRX1/mmMYOD1,IRF7,20.675022,1.0532192,5.813920446582313e-95,1.4725863421454354e-93,0.5836226851851852,1.0532192,protein_coding,True,up,Control,82
siPRRX1/mmMYOD1,LCOR,16.522305,1.0508118,2.535268031648402e-61,4.3012251561916105e-60,0.44155092592592593,1.0508118,protein_coding,True,up,Control,83
siPRRX1/mmMYOD1,BACH1,21.532711,1.0460585,7.690238057007151e-103,2.1374438210217e-101,0.6559606481481481,1.0460585,protein_coding,True,up,Control,84
siPRRX1/mmMYOD1,SP110,47.2434,1.0415549,0.0,0.0,0.9646990740740741,1.0415549,protein_coding,True,up,Control,85
siPRRX1/mmMYOD1,ZBTB21,9.165906,1.0316467,4.9132359279656724e-20,3.5917941788206424e-19,0.26880787037037035,1.0316467,protein_coding,True,up,Control,86
siPRRX1/mmMYOD1,SCMH1,16.786371,1.0290037,3.0705055430548816e-63,5.391301346945979e-62,0.47858796296296297,1.0290037,protein_coding,True,up,Control,87
siPRRX1/mmMYOD1,NCOA3,19.819447,1.0062556,2.0231916367316513e-87,4.742044129152936e-86,0.5601851851851852,1.0062556,protein_coding,True,up,Control,88
siPRRX1/mmMYOD1,GPBP1L1,13.37494,0.9880562,8.472166393995842e-41,1.0303564995911884e-39,0.39380787037037035,0.9880562,protein_coding,True,up,Control,89
siPRRX1/mmMYOD1,NFX1,13.660378,0.9813493,1.750714677892142e-42,2.2071478673716986e-41,0.3900462962962963,0.9813493,protein_coding,True,up,Control,90
siPRRX1/mmMYOD1,FOXO3,13.797807,0.97745687,2.627257822767543e-43,3.3714239047424557e-42,0.4380787037037037,0.97745687,protein_coding,True,up,Control,91
siPRRX1/mmMYOD1,JUN,12.244129,0.97326344,1.8060611042561712e-34,1.9244737618973943e-33,0.5882523148148148,0.97326344,protein_coding,True,up,Control,92
siPRRX1/mmMYOD1,ZNF37A,12.522842,0.9727347,5.599366901146878e-36,6.20051532649698e-35,0.36342592592592593,0.9727347,protein_coding,True,up,Control,93
siPRRX1/mmMYOD1,GPBP1,26.709696,0.972262,3.631834495407795e-157,1.584261693257227e-155,0.7485532407407407,0.972262,protein_coding,True,up,Control,94
siPRRX1/mmMYOD1,CREM,15.913936,0.96201706,5.0722569923093234e-57,8.076396019566798e-56,0.4837962962962963,0.96201706,protein_coding,True,up,Control,95
siPRRX1/mmMYOD1,TSC22D1,15.898318,0.95644104,6.508877406559232e-57,1.0357318158151189e-55,0.5133101851851852,0.95644104,protein_coding,True,up,Control,96
siPRRX1/mmMYOD1,FOXN3,13.22502,0.95294476,6.291986622179301e-40,7.538982158744736e-39,0.3975694444444444,0.95294476,protein_coding,True,up,Control,97
siPRRX1/mmMYOD1,NCOA1,11.373929,0.9498482,5.639080961555895e-30,5.426562552280867e-29,0.3347800925925926,0.9498482,protein_coding,True,up,Control,98
siPRRX1/mmMYOD1,PRDM1,8.045064,0.94800353,8.620065844414933e-16,5.455611446014348e-15,0.2679398148148148,0.94800353,protein_coding,True,up,Control,99
siPRRX1/mmMYOD1,MEF2A,18.311882,0.94770604,6.653024243480085e-75,1.3330453520070223e-73,0.5399305555555556,0.94770604,protein_coding,True,up,Control,100
siPRRX1/mmMYOD1,MYC,8.582071,0.9466919,9.317964966755353e-18,6.362043145508016e-17,0.3255208333333333,0.9466919,protein_coding,True,up,Control,101
siPRRX1/mmMYOD1,ZNF532,10.65223,0.94629186,1.7023604106009832e-26,1.492446185511525e-25,0.31626157407407407,0.94629186,protein_coding,True,up,Control,102
siPRRX1/mmMYOD1,ZNF611,10.882284,0.9329159,1.4000954507928757e-27,1.2550409667007418e-26,0.31712962962962965,0.9329159,protein_coding,True,up,Control,103
siPRRX1/mmMYOD1,SETDB1,8.610671,0.9269479,7.263387296480336e-18,4.980891626947733e-17,0.2554976851851852,0.9269479,protein_coding,True,up,Control,104
siPRRX1/mmMYOD1,JAZF1,7.997139,0.9232972,1.2734323490259223e-15,8.009076646214098e-15,0.35648148148148145,0.9232972,protein_coding,True,up,Control,105
siPRRX1/mmMYOD1,ZNF131,20.670382,0.9116501,6.400813068657267e-95,1.6196055303432275e-93,0.6287615740740741,0.9116501,protein_coding,True,up,Control,106
siPRRX1/mmMYOD1,RLF,7.796208,0.9081164,6.379515116883674e-15,3.901940039601246e-14,0.2595486111111111,0.9081164,protein_coding,True,up,Control,107
siPRRX1/mmMYOD1,ZNF480,11.753404,0.9011154,6.783027896573751e-32,6.8199423341061255e-31,0.35445601851851855,0.9011154,protein_coding,True,up,Control,108
siPRRX1/mmMYOD1,MTERF1,8.812062,0.8933078,1.2286406975785413e-18,8.618321096414972e-18,0.26938657407407407,0.8933078,protein_coding,True,up,Control,109
siPRRX1/mmMYOD1,HMBOX1,8.444744,0.8920126,3.047109639114546e-17,2.0335106717766818e-16,0.25636574074074076,0.8920126,protein_coding,True,up,Control,110
siPRRX1/mmMYOD1,KDM2A,16.81162,0.877336,2.00613493026905e-63,3.527372026447876e-62,0.5353009259259259,0.877336,protein_coding,True,up,Control,111
siPRRX1/mmMYOD1,HMG20B,-15.75297,-0.874168,6.552986312940045e-56,1.0271387030501034e-54,0.28530092592592593,0.874168,protein_coding,True,down,Control,112
siPRRX1/mmMYOD1,E2F7,13.14873,0.87279254,1.730568639802645e-39,2.0578451322139733e-38,0.44502314814814814,0.87279254,protein_coding,True,up,Control,113
siPRRX1/mmMYOD1,NME2,-41.202732,-0.8614998,0.0,0.0,0.9357638888888888,0.8614998,protein_coding,True,down,Control,114
siPRRX1/mmMYOD1,XPA,9.311324,0.8612621,1.2624858722636285e-20,9.384976339199979e-20,0.39091435185185186,0.8612621,protein_coding,True,up,Control,115
siPRRX1/mmMYOD1,KMT2A,19.053135,0.8523878,6.188324776184228e-81,1.3358062570996985e-79,0.6131365740740741,0.8523878,protein_coding,True,up,Control,116
siPRRX1/mmMYOD1,ZNF226,9.748393,0.84128135,1.874121079952129e-22,1.4646708010848272e-21,0.3119212962962963,0.84128135,protein_coding,True,up,Control,117
siPRRX1/mmMYOD1,KIN,18.6934,0.83847857,5.602742668843129e-78,1.1701954471932872e-76,0.6203703703703703,0.83847857,protein_coding,True,up,Control,118
siPRRX1/mmMYOD1,ZNF451,14.162661,0.8333046,1.559743273417271e-45,2.079050901213918e-44,0.4809027777777778,0.8333046,protein_coding,True,up,Control,119
siPRRX1/mmMYOD1,MBNL2,-17.176231,-0.83181405,4.0007847135881786e-66,7.268526154274517e-65,0.3411458333333333,0.83181405,protein_coding,True,down,Control,120
siPRRX1/mmMYOD1,ZFX,8.37068,0.8239314,5.72865458168203e-17,3.76900170252272e-16,0.2803819444444444,0.8239314,protein_coding,True,up,Control,121
siPRRX1/mmMYOD1,TFCP2,9.3015785,0.80608857,1.3837626021339236e-20,1.0271320278055234e-19,0.31655092592592593,0.80608857,protein_coding,True,up,Control,122
siPRRX1/mmMYOD1,ZFHX3,12.84341,0.8026982,9.365664553401538e-38,1.0809448211702665e-36,0.5462962962962963,0.8026982,protein_coding,True,up,Control,123
siPRRX1/mmMYOD1,SP100,41.91566,0.79705864,0.0,0.0,0.9835069444444444,0.79705864,protein_coding,True,up,Control,124
siPRRX1/mmMYOD1,BAZ2A,11.825677,0.79245037,2.875737759789774e-32,2.921786775272053e-31,0.39351851851851855,0.79245037,protein_coding,True,up,Control,125
siPRRX1/mmMYOD1,STAT6,16.407726,0.7613518,1.6839472803275553e-60,2.8244899442930676e-59,0.5509259259259259,0.7613518,protein_coding,True,up,Control,126
siPRRX1/mmMYOD1,PLSCR1,40.295742,0.75481105,0.0,0.0,0.9722222222222222,0.75481105,protein_coding,True,up,Control,127
siPRRX1/mmMYOD1,HIF1A,-28.64351,-0.7449266,1.9310306107676447e-180,9.645939388896191e-179,0.8547453703703703,0.7449266,protein_coding,True,down,Control,128
siPRRX1/mmMYOD1,PHF21A,10.925216,0.7435803,8.73327488282751e-28,7.867775715522554e-27,0.4079861111111111,0.7435803,protein_coding,True,up,Control,129
siPRRX1/mmMYOD1,ZNF655,9.354363,0.7395633,8.41047468810525e-21,6.278122014656343e-20,0.35185185185185186,0.7395633,protein_coding,True,up,Control,130
siPRRX1/mmMYOD1,ARID2,7.9844003,0.735209,1.4120713626888993e-15,8.86106519953079e-15,0.3023726851851852,0.735209,protein_coding,True,up,Control,131
siPRRX1/mmMYOD1,ZNF207,24.961327,0.72815484,1.608853252146723e-137,6.042458417554344e-136,0.8451967592592593,0.72815484,protein_coding,True,up,Control,132
siPRRX1/mmMYOD1,YY1,-22.474304,-0.7246748,7.405333878505652e-112,2.252620085125097e-110,0.5969328703703703,0.7246748,protein_coding,True,down,Control,133
siPRRX1/mmMYOD1,CAMTA1,-27.176008,-0.70034975,1.2480703094525245e-162,5.609841609177841e-161,0.7835648148148148,0.70034975,protein_coding,True,down,Control,134
siPRRX1/mmMYOD1,OSR2,-11.071031,-0.69691926,1.7339497768793969e-28,1.5917874349240674e-27,0.3258101851851852,0.69691926,protein_coding,True,down,Control,135
siPRRX1/mmMYOD1,RFX8,7.974184,0.6931202,1.533908498105679e-15,9.601640489138836e-15,0.3298611111111111,0.6931202,protein_coding,True,up,Control,136
siPRRX1/mmMYOD1,LIN54,7.0927577,0.69266164,1.3146566009215828e-12,7.337197191194068e-12,0.27054398148148145,0.69266164,protein_coding,True,up,Control,137
siPRRX1/mmMYOD1,SMYD3,16.761822,0.6909042,4.641869729482166e-63,8.116326988376402e-62,0.7615740740740741,0.6909042,protein_coding,True,up,Control,138
siPRRX1/mmMYOD1,XBP1,-23.677296,-0.68075126,6.179861350781342e-124,2.067579178425193e-122,0.5419560185185185,0.68075126,protein_coding,True,down,Control,139
siPRRX1/mmMYOD1,ZBTB20,19.104063,0.6634362,2.3358509434580797e-81,5.094669340740253e-80,0.8379629629629629,0.6634362,protein_coding,True,up,Control,140
siPRRX1/mmMYOD1,ZNF24,8.501439,0.66233355,1.8725450001361408e-17,1.2634147602959365e-16,0.35619212962962965,0.66233355,protein_coding,True,up,Control,141
siPRRX1/mmMYOD1,JUNB,-20.839367,-0.65572095,1.9033555179118164e-96,4.9201348501082614e-95,0.39265046296296297,0.65572095,protein_coding,True,down,Control,142
siPRRX1/mmMYOD1,CLOCK,12.178173,0.65555936,4.062828793467595e-34,4.301838864924855e-33,0.4913194444444444,0.65555936,protein_coding,True,up,Control,143
siPRRX1/mmMYOD1,BPTF,19.073996,0.65251285,4.1532437666836685e-81,8.988320661644604e-80,0.7485532407407407,0.65251285,protein_coding,True,up,Control,144
siPRRX1/mmMYOD1,SAFB,13.38538,0.63775593,7.362030161682102e-41,8.975175635246216e-40,0.5567129629629629,0.63775593,protein_coding,True,up,Control,145
siPRRX1/mmMYOD1,ZZZ3,11.160461,0.6360414,6.366057495723302e-29,5.913255476434147e-28,0.4597800925925926,0.6360414,protein_coding,True,up,Control,146
siPRRX1/mmMYOD1,FAM200B,11.867163,0.61471075,1.7531328442201073e-32,1.7928048776505664e-31,0.5798611111111112,0.61471075,protein_coding,True,up,Control,147
siPRRX1/mmMYOD1,HIVEP1,4.984075,0.60553414,6.225894581382114e-07,2.573315138210347e-06,0.26591435185185186,0.60553414,protein_coding,True,up,Control,148
siPRRX1/mmMYOD1,THAP1,5.89906,0.601717,3.6557913309408553e-09,1.7279046836196375e-08,0.3020833333333333,0.601717,protein_coding,True,up,Control,149
siPRRX1/mmMYOD1,TRERF1,8.378429,0.5899807,5.363856188623409e-17,3.5345463046250137e-16,0.37528935185185186,0.5899807,protein_coding,True,up,Control,150
siPRRX1/mmMYOD1,CREB1,6.858104,0.5836755,6.978022651184022e-12,3.778659420983831e-11,0.31741898148148145,0.5836755,protein_coding,True,up,Control,151
siPRRX1/mmMYOD1,LCORL,8.007439,0.57788116,1.1712172651808673e-15,7.377288795421027e-15,0.39033564814814814,0.57788116,protein_coding,True,up,Control,152
siPRRX1/mmMYOD1,CREB3L1,-16.140068,-0.57717687,1.3339213770668583e-58,2.17778482912163e-57,0.5523726851851852,0.57717687,protein_coding,True,down,Control,153
siPRRX1/mmMYOD1,ZNF800,5.93836,0.57350326,2.878871478918197e-09,1.3689349882531911e-08,0.29398148148148145,0.57350326,protein_coding,True,up,Control,154
siPRRX1/mmMYOD1,ZNF644,10.533455,0.56481403,6.056991788224293e-26,5.229827342643422e-25,0.5089699074074074,0.56481403,protein_coding,True,up,Control,155
siPRRX1/mmMYOD1,GLYR1,10.367099,0.56058735,3.499880751078015e-25,2.9578877817553382e-24,0.4678819444444444,0.56058735,protein_coding,True,up,Control,156
siPRRX1/mmMYOD1,JRKL,5.7257495,0.5574661,1.029781978483091e-08,4.7302197424800995e-08,0.2534722222222222,0.5574661,protein_coding,True,up,Control,157
siPRRX1/mmMYOD1,NFE2L1,-16.291477,-0.55574894,1.13456865603423e-59,1.882904362715724e-58,0.5920138888888888,0.55574894,protein_coding,True,down,Control,158
siPRRX1/mmMYOD1,BNC2,13.222028,0.55517906,6.547478111010742e-40,7.833901667488375e-39,0.6388888888888888,0.55517906,protein_coding,True,up,Control,159
siPRRX1/mmMYOD1,ZNF652,5.279506,0.5461302,1.2953240105837875e-07,5.590228631042295e-07,0.26157407407407407,0.5461302,protein_coding,True,up,Control,160
siPRRX1/mmMYOD1,ZNF518A,5.8763275,0.5453284,4.19468257587578e-09,1.974439760237071e-08,0.30092592592592593,0.5453284,protein_coding,True,up,Control,161
siPRRX1/mmMYOD1,ZNF706,-17.04392,-0.54508156,3.878354371001077e-65,6.975485463548536e-64,0.6180555555555556,0.54508156,protein_coding,True,down,Control,162
siPRRX1/mmMYOD1,PRDM2,5.992417,0.5438441,2.067449480294375e-09,9.915391418567755e-09,0.31105324074074076,0.5438441,protein_coding,True,up,Control,163
siPRRX1/mmMYOD1,ZHX1,9.039792,0.53321046,1.5697005011262425e-19,1.1284776764319878e-18,0.4236111111111111,0.53321046,protein_coding,True,up,Control,164
siPRRX1/mmMYOD1,ARID3A,5.858508,0.5331603,4.6704346923736225e-09,2.1926259731050007e-08,0.29890046296296297,0.5331603,protein_coding,True,up,Control,165
siPRRX1/mmMYOD1,AR,-8.738318,-0.52337945,2.3660505925295207e-18,1.6440649111697106e-17,0.2534722222222222,0.52337945,protein_coding,True,down,Control,166
siPRRX1/mmMYOD1,MAX,9.571664,0.5225784,1.0519859537905992e-21,8.036545781375066e-21,0.47685185185185186,0.5225784,protein_coding,True,up,Control,167
siPRRX1/mmMYOD1,TEAD1,19.395369,0.5128608,8.444571818715086e-84,1.906363984879023e-82,0.8700810185185185,0.5128608,protein_coding,True,up,Control,168
siPRRX1/mmMYOD1,ATF2,6.207049,0.50209326,5.398884903967601e-10,2.6608941172438198e-09,0.3142361111111111,0.50209326,protein_coding,True,up,Control,169
siPRRX1/mmMYOD1,IRF3,5.445576,0.501294,5.163798602986598e-08,2.281441950037652e-07,0.2760416666666667,0.501294,protein_coding,True,up,Control,170
